Date,Open,High,Low,Close,AdjClose,Volume
11/30/2015,54.540001,54.959999,54,54.349998,49.5961,56241400
12/1/2015,54.41,55.23,54.299999,55.220001,50.390011,39952800
12/2/2015,55.32,55.959999,55.060001,55.209999,50.380878,47274900
12/3/2015,55.490002,55.77,53.93,54.200001,49.459229,38627800
12/4/2015,54.119999,56.23,54.099998,55.91,51.01965,43963700
12/7/2015,55.790001,55.970001,55.290001,55.810001,50.928402,30709800
12/8/2015,55.470001,56.099998,54.990002,55.790001,50.910156,32878000
12/9/2015,55.369999,55.869999,54.509998,54.98,50.170998,36373200
12/10/2015,55.389999,55.66,55.009998,55.27,50.435631,31775800
12/11/2015,54.709999,55.099998,54.009998,54.060001,49.331478,39549500
12/14/2015,54.330002,55.209999,53.68,55.139999,50.317013,46768900
12/15/2015,55.66,55.900002,55.09,55.200001,50.371754,39843000
12/16/2015,55.540001,56.25,54.759998,56.130001,51.220406,37503300
12/17/2015,56.360001,56.790001,55.529999,55.700001,50.828026,41280900
12/18/2015,55.77,56,54.029999,54.130001,49.395348,84684200
12/21/2015,54.880001,55.349998,54.23,54.830002,50.03413,37246300
12/22/2015,54.990002,55.48,54.5,55.349998,50.508629,28322200
12/23/2015,55.700001,55.880001,55.439999,55.82,50.937519,27279800
12/24/2015,55.860001,55.959999,55.43,55.669998,50.80064,9558500
12/28/2015,55.349998,55.950001,54.98,55.950001,51.056156,22458300
12/29/2015,56.290001,56.849998,56.060001,56.549999,51.603676,27731400
12/30/2015,56.470001,56.779999,56.290001,56.310001,51.384666,21704500
12/31/2015,56.040001,56.189999,55.419998,55.48,50.627274,27334100
1/4/2016,54.32,54.799999,53.389999,54.799999,50.006744,53778000
1/5/2016,54.93,55.389999,54.540001,55.049999,50.234879,34079700
1/6/2016,54.32,54.400002,53.639999,54.049999,49.322346,39518900
1/7/2016,52.700001,53.490002,52.07,52.169998,47.606789,56564900
1/8/2016,52.369999,53.279999,52.150002,52.330002,47.752792,48754000
1/11/2016,52.509998,52.849998,51.459999,52.299999,47.72541,36943800
1/12/2016,52.759998,53.099998,52.060001,52.779999,48.163425,36095500
1/13/2016,53.799999,54.07,51.299999,51.639999,47.12315,66883600
1/14/2016,52,53.419998,51.57,53.110001,48.464577,52381900
1/15/2016,51.310001,51.970001,50.34,50.990002,46.530006,71820700
1/19/2016,51.48,51.68,50.060001,50.560001,46.137611,43564500
1/20/2016,49.98,51.380001,49.099998,50.790001,46.347496,63273000
1/21/2016,51,51.580002,50.299999,50.48,46.064606,40191200
1/22/2016,51.41,52.330002,51.259998,52.290001,47.71629,37555800
1/25/2016,51.939999,52.650002,51.650002,51.790001,47.260017,34707700
1/26/2016,51.790001,52.439999,51.549999,52.169998,47.606789,28900800
1/27/2016,52.009998,52.200001,51.02,51.220001,46.73988,36775200
1/28/2016,51.860001,52.209999,51.25,52.060001,47.506405,62513800
1/29/2016,54.73,55.09,54,55.09,50.271385,83611700
2/1/2016,54.880001,55.09,54.5,54.709999,49.924614,44208500
2/2/2016,54.169998,54.259998,52.650002,53,48.364185,56313800
2/3/2016,53.25,53.389999,51.259998,52.16,47.597656,57559800
2/4/2016,52.099998,52.810001,51.369999,52,47.451664,46987100
2/5/2016,51.939999,52,49.560001,50.16,45.772602,62009000
2/8/2016,49.549999,49.57,48.189999,49.41,45.088188,59290500
2/9/2016,49.02,50.240002,48.669998,49.279999,44.969563,46740500
2/10/2016,49.889999,50.389999,49.52,49.709999,45.361958,38237000
2/11/2016,48.68,50.110001,48.509998,49.689999,45.343704,48878600
2/12/2016,50.25,50.68,49.75,50.5,46.082863,34243300
2/16/2016,50.900002,51.09,50.130001,51.09,46.955994,37291200
2/17/2016,51.490002,52.77,51.450001,52.419998,48.178375,40789000
2/18/2016,52.330002,52.950001,52.099998,52.189999,47.966984,27176000
2/19/2016,51.970001,52.279999,51.529999,51.82,47.626919,33559100
2/22/2016,52.279999,53,52.279999,52.650002,48.389759,25008300
2/23/2016,52.34,52.369999,50.98,51.18,47.038704,28895300
2/24/2016,50.689999,51.5,50.200001,51.360001,47.204136,33014500
2/25/2016,51.73,52.099998,50.610001,52.099998,47.88427,26939500
2/26/2016,52.599998,52.68,51.099998,51.299999,47.148991,35975900
2/29/2016,51.349998,51.650002,50.66,50.880001,46.762981,31654000
3/1/2016,50.970001,52.59,50.919998,52.580002,48.325424,33024500
3/2/2016,52.41,52.959999,52.16,52.950001,48.665474,29289900
3/3/2016,52.970001,52.970001,51.779999,52.349998,48.114029,24427800
3/4/2016,52.400002,52.450001,51.709999,52.029999,47.819916,33034200
3/7/2016,51.560001,51.799999,50.580002,51.029999,46.900837,38407800
3/8/2016,50.799999,52.130001,50.599998,51.650002,47.470673,33835100
3/9/2016,51.889999,52.849998,51.860001,52.84,48.564392,28251600
3/10/2016,52.93,52.939999,51.16,52.049999,47.838306,38387800
3/11/2016,53,53.07,52.380001,53.07,48.775776,32275700
3/14/2016,52.709999,53.59,52.630001,53.169998,48.86768,24083600
3/15/2016,52.75,53.59,52.740002,53.59,49.253693,21104800
3/16/2016,53.450001,54.599998,53.400002,54.349998,49.952194,31691700
3/17/2016,54.209999,55,54,54.66,50.237114,28223900
3/18/2016,54.919998,54.970001,53.450001,53.490002,49.161785,67625500
3/21/2016,53.25,53.93,52.93,53.860001,49.501842,23925700
3/22/2016,53.610001,54.25,53.459999,54.07,49.694855,23124100
3/23/2016,54.110001,54.240002,53.740002,53.970001,49.602943,20129000
3/24/2016,53.84,54.330002,53.73,54.209999,49.823532,19950000
3/28/2016,54.209999,54.290001,53.330002,53.540001,49.207733,17025100
3/29/2016,53.66,54.860001,53.450001,54.709999,50.283066,23924300
3/30/2016,54.93,55.639999,54.900002,55.049999,50.595562,23008300
3/31/2016,54.950001,55.59,54.860001,55.23,50.760994,26360500
4/1/2016,55.049999,55.610001,54.57,55.57,51.073486,24399200
4/4/2016,55.43,55.66,55,55.43,50.94482,18928800
4/5/2016,55.189999,55.299999,54.459999,54.560001,50.14521,19272300
4/6/2016,54.360001,55.200001,54.209999,55.119999,50.659893,21188700
4/7/2016,54.869999,54.91,54.23,54.459999,50.053303,19225100
4/8/2016,54.669998,55.279999,54.32,54.419998,50.016533,22167200
4/11/2016,54.490002,55.150002,54.299999,54.310001,49.91544,21414200
4/12/2016,54.369999,54.779999,53.759998,54.650002,50.227928,24944300
4/13/2016,55.119999,55.439999,54.889999,55.349998,50.871273,20818000
4/14/2016,55.220001,55.580002,55.07,55.360001,50.880466,20877100
4/15/2016,55.299999,55.919998,55.110001,55.650002,51.147007,28793800
4/18/2016,55.490002,56.59,55.209999,56.459999,51.89146,23786000
4/19/2016,56.630001,56.77,55.68,56.389999,51.827126,29596800
4/20/2016,56.290001,56.5,55.490002,55.59,51.091866,36195700
4/21/2016,55.799999,56.23,55.419998,55.779999,51.266487,38909100
4/22/2016,51.91,52.43,50.77,51.779999,47.590149,126834100
4/25/2016,51.779999,52.130001,51.630001,52.110001,47.893452,33226900
4/26/2016,52.259998,52.349998,51.09,51.439999,47.277676,33532600
4/27/2016,51.48,51.5,50.549999,50.939999,46.818123,43369300
4/28/2016,50.619999,50.77,49.560001,49.900002,45.862274,43134800
4/29/2016,49.349998,50.25,49.349998,49.869999,45.834702,48411700
5/2/2016,50,50.75,49.779999,50.610001,46.514835,33114500
5/3/2016,50.34,50.41,49.599998,49.779999,45.751984,26460200
5/4/2016,49.84,50.060001,49.459999,49.869999,45.834702,24257600
5/5/2016,49.869999,50.299999,49.73,49.939999,45.899036,25390700
5/6/2016,49.919998,50.389999,49.66,50.389999,46.31263,24787300
5/9/2016,50.490002,50.59,50,50.07,46.018524,17951600
5/10/2016,50.330002,51.099998,50.189999,51.02,46.891651,22891000
5/11/2016,51.130001,51.779999,51,51.049999,46.919224,24039100
5/12/2016,51.200001,51.810001,50.919998,51.509998,47.341999,24102800
5/13/2016,51.439999,51.900002,51.040001,51.080002,46.9468,22592300
5/16/2016,50.799999,51.959999,50.75,51.830002,47.636108,20032000
5/17/2016,51.720001,51.73,50.360001,50.509998,46.747612,27803500
5/18/2016,50.48,51.139999,50.299999,50.810001,47.025272,24907500
5/19/2016,50.470001,50.619999,49.82,50.32,46.571766,23842400
5/20/2016,50.48,51.220001,50.400002,50.619999,46.849419,23905800
5/23/2016,50.599998,50.68,49.98,50.029999,46.303371,26118700
5/24/2016,50.700001,51.709999,50.400002,51.59,47.747173,34757900
5/25/2016,51.919998,52.490002,51.790001,52.119999,48.237694,24040200
5/26/2016,51.93,51.98,51.360001,51.889999,48.024826,24335200
5/27/2016,51.919998,52.32,51.77,52.32,48.422794,17721400
5/31/2016,52.259998,53,52.080002,53,49.052139,37653100
6/1/2016,52.439999,52.950001,52.439999,52.849998,48.913311,25324800
6/2/2016,52.639999,52.740002,51.84,52.48,48.570881,22840800
6/3/2016,52.380001,52.419998,51.599998,51.790001,47.932266,23368300
6/6/2016,51.990002,52.349998,51.889999,52.130001,48.246948,18243300
6/7/2016,52.240002,52.73,52.099998,52.099998,48.219185,20866800
6/8/2016,52.02,52.439999,51.869999,52.040001,48.163647,21149400
6/9/2016,52,52,51.490002,51.619999,47.774929,20305700
6/10/2016,51.049999,52.049999,51.040001,51.48,47.645359,25833200
6/13/2016,49.580002,50.720001,49.060001,50.139999,46.40517,83217800
6/14/2016,49.900002,50.099998,49.57,49.830002,46.118271,42577100
6/15/2016,49.779999,50.119999,49.689999,49.689999,45.988697,33757600
6/16/2016,49.52,50.470001,49.509998,50.389999,46.636562,31188600
6/17/2016,50.41,50.43,49.82,50.130001,46.39592,45710500
6/20/2016,50.639999,50.830002,50.029999,50.07,46.340397,35607900
6/21/2016,50.200001,51.43,50.16,51.189999,47.376968,34097800
6/22/2016,51.080002,51.459999,50.950001,50.990002,47.191868,28816800
6/23/2016,51.279999,52.060001,51.150002,51.91,48.043335,29028800
6/24/2016,49.810001,50.939999,49.52,49.830002,46.118271,133503000
6/27/2016,49.099998,49.150002,48.040001,48.43,44.822552,50216300
6/28/2016,48.919998,49.470001,48.669998,49.439999,45.757317,38140700
6/29/2016,49.91,50.720001,49.799999,50.540001,46.775375,31304000
6/30/2016,50.720001,51.299999,50.5,51.169998,47.358456,28527800
7/1/2016,51.130001,51.720001,51.07,51.16,47.349194,21400400
7/5/2016,50.830002,51.279999,50.740002,51.169998,47.358456,24806400
7/6/2016,50.779999,51.540001,50.389999,51.380001,47.552814,28167500
7/7/2016,51.419998,51.610001,51.07,51.380001,47.552814,19585200
7/8/2016,51.73,52.360001,51.549999,52.299999,48.404278,28391000
7/11/2016,52.5,52.830002,52.470001,52.59,48.672688,22269200
7/12/2016,52.939999,53.400002,52.790001,53.209999,49.246502,27317600
7/13/2016,53.560001,53.860001,53.18,53.509998,49.524147,25356800
7/14/2016,53.84,53.990002,53.580002,53.740002,49.737022,24545500
7/15/2016,53.950001,54,53.209999,53.700001,49.700005,32024400
7/18/2016,53.700001,54.34,53.549999,53.959999,49.940636,31433900
7/19/2016,53.709999,53.900002,52.93,53.09,49.135441,53336500
7/20/2016,56.150002,56.84,55.529999,55.91,51.745377,89893300
7/21/2016,55.98,56.23,55.759998,55.799999,51.643578,32776700
7/22/2016,56.080002,56.630001,55.779999,56.57,52.356224,32157200
7/25/2016,56.470001,56.740002,56.259998,56.73,52.504295,25610600
7/26/2016,56.52,57.290001,56.509998,56.759998,52.532063,28079000
7/27/2016,56.610001,56.799999,56.110001,56.189999,52.004524,32327500
7/28/2016,56,56.369999,55.720001,56.209999,52.023041,37550400
7/29/2016,56.259998,56.759998,56.049999,56.68,52.458019,30558700
8/1/2016,56.599998,56.75,56.139999,56.580002,52.365475,26003400
8/2/2016,56.849998,56.900002,56.310001,56.580002,52.365475,35122000
8/3/2016,56.68,57.110001,56.490002,56.970001,52.726421,22075600
8/4/2016,56.799999,57.52,56.669998,57.389999,53.115139,26587700
8/5/2016,57.650002,58.209999,57.450001,57.959999,53.642681,29335200
8/8/2016,58.060001,58.09,57.779999,58.060001,53.735229,19473500
8/9/2016,58.169998,58.5,58.02,58.200001,53.864799,16920700
8/10/2016,58.16,58.32,57.82,58.02,53.698212,15756900
8/11/2016,58.029999,58.450001,58.029999,58.299999,53.957359,18162300
8/12/2016,58.029999,58.189999,57.619999,57.939999,53.624176,21655200
8/15/2016,58.009998,58.5,57.959999,58.119999,53.79076,19283900
8/16/2016,57.610001,57.619999,57.27,57.439999,53.492744,20523500
8/17/2016,57.540001,57.68,57.23,57.560001,53.604507,18856400
8/18/2016,57.419998,57.700001,57.27,57.599998,53.641758,14214300
8/19/2016,57.43,57.73,57.200001,57.619999,53.660374,17271000
8/22/2016,57.599998,57.75,57.259998,57.669998,53.706947,15221900
8/23/2016,57.900002,58.18,57.849998,57.889999,53.911827,18732400
8/24/2016,57.799999,58.040001,57.720001,57.950001,53.967705,18151500
8/25/2016,57.880001,58.290001,57.779999,58.169998,54.172585,18552600
8/26/2016,58.279999,58.700001,57.689999,58.029999,54.042213,20971200
8/29/2016,58.18,58.599998,58.099998,58.099998,54.107399,16417200
8/30/2016,57.98,58.189999,57.610001,57.889999,53.911827,16930200
8/31/2016,57.650002,57.799999,57.299999,57.459999,53.511379,20860300
9/1/2016,57.009998,57.82,57.009998,57.59,53.632446,26075400
9/2/2016,57.669998,58.189999,57.419998,57.669998,53.706947,18900500
9/6/2016,57.779999,57.799999,57.209999,57.610001,53.651077,16278400
9/7/2016,57.470001,57.84,57.41,57.66,53.697636,17493400
9/8/2016,57.630001,57.790001,57.18,57.43,53.48344,20146100
9/9/2016,56.790001,57.52,56.209999,56.209999,52.347282,35113900
9/12/2016,56,57.209999,55.610001,57.049999,53.129551,29303000
9/13/2016,56.5,56.650002,56.049999,56.529999,52.64529,30130200
9/14/2016,56.389999,56.630001,56.029999,56.259998,52.393841,24062500
9/15/2016,56.150002,57.349998,55.98,57.189999,53.259933,26847000
9/16/2016,57.630001,57.630001,56.75,57.25,53.315804,44607000
9/19/2016,57.27,57.75,56.849998,56.93,53.017807,20937100
9/20/2016,57.349998,57.349998,56.75,56.810001,52.90604,17384000
9/21/2016,57.509998,57.849998,57.080002,57.759998,53.79076,33707300
9/22/2016,57.919998,58,57.630001,57.82,53.846638,19822200
9/23/2016,57.869999,57.91,57.380001,57.43,53.48344,19955300
9/26/2016,57.080002,57.139999,56.830002,56.900002,52.989868,21688700
9/27/2016,56.93,58.060001,56.68,57.950001,53.967705,28065100
9/28/2016,57.880001,58.060001,57.669998,58.029999,54.042213,20536400
9/29/2016,57.810001,58.169998,57.209999,57.400002,53.455509,25463500
9/30/2016,57.57,57.77,57.34,57.599998,53.641758,29910800
10/3/2016,57.41,57.549999,57.060001,57.419998,53.474133,19189500
10/4/2016,57.27,57.599998,56.970001,57.240002,53.306499,20085900
10/5/2016,57.290001,57.959999,57.259998,57.639999,53.679012,16726400
10/6/2016,57.740002,57.860001,57.279999,57.740002,53.772137,16212600
10/7/2016,57.849998,57.98,57.419998,57.799999,53.828014,20089000
10/10/2016,57.91,58.389999,57.869999,58.040001,54.051529,18196500
10/11/2016,57.889999,58.02,56.889999,57.189999,53.259933,26497400
10/12/2016,57.110001,57.27,56.400002,57.110001,53.185429,22177500
10/13/2016,56.700001,57.299999,56.32,56.919998,53.008492,25313700
10/14/2016,57.119999,57.740002,57.119999,57.419998,53.474133,27402500
10/17/2016,57.360001,57.459999,56.869999,57.220001,53.287868,23830000
10/18/2016,57.529999,57.950001,57.41,57.66,53.697636,19149500
10/19/2016,57.470001,57.84,57.400002,57.529999,53.576569,22878400
10/20/2016,57.5,57.52,56.66,57.25,53.315804,49455600
10/21/2016,60.279999,60.450001,59.490002,59.66,55.560192,80032200
10/24/2016,59.939999,61,59.93,61,56.808113,54067000
10/25/2016,60.849998,61.369999,60.799999,60.990002,56.798805,35137200
10/26/2016,60.810001,61.200001,60.470001,60.630001,56.463528,29911600
10/27/2016,60.610001,60.830002,60.09,60.099998,55.969952,28479900
10/28/2016,60.009998,60.52,59.580002,59.869999,55.75576,33574700
10/31/2016,60.16,60.419998,59.919998,59.919998,55.80233,26434700
11/1/2016,59.970001,60.02,59.25,59.799999,55.690578,24533000
11/2/2016,59.82,59.93,59.299999,59.43,55.345997,22147000
11/3/2016,59.529999,59.639999,59.110001,59.209999,55.141117,21600400
11/4/2016,58.650002,59.279999,58.52,58.709999,54.67548,28697000
11/7/2016,59.779999,60.52,59.779999,60.419998,56.267971,31664800
11/8/2016,60.549999,60.779999,60.150002,60.470001,56.314533,22935400
11/9/2016,60,60.59,59.200001,60.169998,56.035145,49632500
11/10/2016,60.48,60.490002,57.630001,58.700001,54.666172,57822400
11/11/2016,58.23,59.119999,58.009998,59.02,54.964176,38767800
11/14/2016,59.02,59.080002,57.279999,58.119999,54.126019,41328400
11/15/2016,58.330002,59.490002,58.32,58.869999,55.194855,35904100
11/16/2016,58.939999,59.66,58.810001,59.650002,55.926167,27332500
11/17/2016,60.41,60.950001,59.970001,60.639999,56.854359,32132700
11/18/2016,60.779999,61.139999,60.299999,60.349998,56.582466,27686300
11/21/2016,60.5,60.970001,60.419998,60.860001,57.060623,19652600
11/22/2016,60.98,61.259998,60.810001,61.119999,57.304386,23206700
11/23/2016,61.009998,61.099998,60.25,60.400002,56.629349,21848900
11/25/2016,60.299999,60.529999,60.130001,60.529999,56.751225,8409600
11/28/2016,60.34,61.02,60.209999,60.610001,56.826225,20732600
11/29/2016,60.650002,61.41,60.52,61.09,57.276264,22366700
11/30/2016,60.860001,61.18,60.220001,60.259998,56.498081,34655400
12/1/2016,60.110001,60.150002,58.939999,59.200001,55.50425,34542100
12/2/2016,59.080002,59.470001,58.799999,59.25,55.551125,25515700
12/5/2016,59.700001,60.59,59.560001,60.220001,56.460579,23552700
12/6/2016,60.43,60.459999,59.799999,59.950001,56.207436,19907000
12/7/2016,60.009998,61.380001,59.799999,61.369999,57.538788,30809000
12/8/2016,61.299999,61.580002,60.84,61.009998,57.201248,21220800
12/9/2016,61.18,61.990002,61.130001,61.970001,58.101334,27349400
12/12/2016,61.82,62.299999,61.720001,62.169998,58.288845,20198100
12/13/2016,62.5,63.419998,62.240002,62.98,59.048279,35718900
12/14/2016,63,63.450001,62.529999,62.68,58.767002,30352700
12/15/2016,62.700001,63.150002,62.299999,62.580002,58.673244,27669900
12/16/2016,62.950001,62.950001,62.119999,62.299999,58.410725,42453100
12/19/2016,62.560001,63.77,62.419998,63.619999,59.648315,34338200
12/20/2016,63.689999,63.799999,63.029999,63.540001,59.573315,26028400
12/21/2016,63.43,63.700001,63.119999,63.540001,59.573315,17096300
12/22/2016,63.84,64.099998,63.41,63.549999,59.582703,22176600
12/23/2016,63.450001,63.540001,62.799999,63.240002,59.292042,12403800
12/27/2016,63.209999,64.07,63.209999,63.279999,59.32954,11763200
12/28/2016,63.400002,63.400002,62.830002,62.990002,59.057655,14653300
12/29/2016,62.860001,63.200001,62.73,62.900002,58.97327,10250600
12/30/2016,62.959999,62.990002,62.029999,62.139999,58.260712,25579900
1/3/2017,62.790001,62.84,62.130001,62.580002,58.673244,20694100
1/4/2017,62.48,62.75,62.119999,62.299999,58.410725,21340000
1/5/2017,62.189999,62.66,62.029999,62.299999,58.410725,24876000
1/6/2017,62.299999,63.150002,62.040001,62.84,58.917015,19922900
1/9/2017,62.759998,63.080002,62.540001,62.639999,58.729496,20382700
1/10/2017,62.73,63.07,62.279999,62.619999,58.710747,18593000
1/11/2017,62.610001,63.23,62.43,63.189999,59.245159,21517300
1/12/2017,63.060001,63.400002,61.950001,62.610001,58.70137,20968200
1/13/2017,62.619999,62.869999,62.349998,62.700001,58.785755,19422300
1/17/2017,62.68,62.700001,62.029999,62.529999,58.626369,20664000
1/18/2017,62.669998,62.700001,62.119999,62.5,58.598248,19670100
1/19/2017,62.240002,62.98,62.200001,62.299999,58.410725,18451700
1/20/2017,62.669998,62.82,62.369999,62.740002,58.823261,30213500
1/23/2017,62.700001,63.119999,62.57,62.959999,59.029526,23097600
1/24/2017,63.200001,63.740002,62.939999,63.52,59.554569,24672900
1/25/2017,63.950001,64.099998,63.450001,63.68,59.704575,23672700
1/26/2017,64.120003,64.540001,63.549999,64.269997,60.257736,43554600
1/27/2017,65.389999,65.910004,64.889999,65.779999,61.673481,44818000
1/30/2017,65.690002,65.790001,64.800003,65.129997,61.064045,31651400
1/31/2017,64.860001,65.150002,64.260002,64.650002,60.614021,25270500
2/1/2017,64.360001,64.620003,63.470001,63.580002,59.610825,39671500
2/2/2017,63.25,63.41,62.75,63.169998,59.226406,45827000
2/3/2017,63.5,63.700001,63.07,63.68,59.704575,30301800
2/6/2017,63.5,63.650002,63.139999,63.639999,59.667068,19796400
2/7/2017,63.740002,63.779999,63.23,63.43,59.470181,20277200
2/8/2017,63.57,63.810001,63.220001,63.34,59.385799,18096400
2/9/2017,63.52,64.440002,63.32,64.059998,60.060848,22644400
2/10/2017,64.25,64.300003,63.98,64,60.004604,18170700
2/13/2017,64.239998,64.860001,64.129997,64.720001,60.679653,22920100
2/14/2017,64.410004,64.720001,64.019997,64.57,60.906044,23108400
2/15/2017,64.5,64.57,64.160004,64.529999,60.868298,17005200
2/16/2017,64.739998,65.239998,64.440002,64.519997,60.85886,20546300
2/17/2017,64.470001,64.690002,64.300003,64.620003,60.953197,21248800
2/21/2017,64.610001,64.949997,64.449997,64.489998,60.83057,20655900
2/22/2017,64.330002,64.389999,64.050003,64.360001,60.707947,19292700
2/23/2017,64.419998,64.730003,64.190002,64.620003,60.953197,20273100
2/24/2017,64.529999,64.800003,64.139999,64.620003,60.953197,21796800
2/27/2017,64.540001,64.540001,64.050003,64.230003,60.585331,15871500
2/28/2017,64.080002,64.199997,63.759998,63.98,60.349503,23239800
3/1/2017,64.129997,64.989998,64.019997,64.940002,61.255051,26937500
3/2/2017,64.690002,64.75,63.880001,64.010002,60.377811,24539600
3/3/2017,63.990002,64.279999,63.619999,64.25,60.604187,18135900
3/6/2017,63.970001,64.559998,63.810001,64.269997,60.623051,18750300
3/7/2017,64.190002,64.779999,64.190002,64.400002,60.745686,18521000
3/8/2017,64.260002,65.080002,64.25,64.989998,61.3022,21510900
3/9/2017,65.190002,65.199997,64.480003,64.730003,61.056961,19846800
3/10/2017,65.110001,65.260002,64.75,64.93,61.245594,19538200
3/13/2017,65.010002,65.190002,64.57,64.709999,61.038094,20100000
3/14/2017,64.529999,64.550003,64.150002,64.410004,60.755116,14280200
3/15/2017,64.550003,64.919998,64.25,64.75,61.075825,24833800
3/16/2017,64.75,64.760002,64.300003,64.639999,60.972057,20674300
3/17/2017,64.910004,65.239998,64.68,64.870003,61.189007,49219700
3/20/2017,64.910004,65.18,64.720001,64.93,61.245594,14598100
3/21/2017,65.190002,65.5,64.129997,64.209999,60.56646,26640500
3/22/2017,64.120003,65.139999,64.120003,65.029999,61.339928,20680000
3/23/2017,64.940002,65.239998,64.769997,64.870003,61.189007,19269200
3/24/2017,65.360001,65.449997,64.760002,64.980003,61.292778,22617100
3/27/2017,64.629997,65.220001,64.349998,65.099998,61.405952,18614700
3/28/2017,64.959999,65.470001,64.650002,65.290001,61.585178,20080400
3/29/2017,65.120003,65.5,64.949997,65.470001,61.754967,13618400
3/30/2017,65.419998,65.980003,65.360001,65.709999,61.981346,15122800
3/31/2017,65.650002,66.190002,65.449997,65.860001,62.122833,21040300
4/3/2017,65.809998,65.940002,65.190002,65.550003,61.830425,20400900
4/4/2017,65.389999,65.809998,65.279999,65.730003,62.000217,12997400
4/5/2017,66.300003,66.349998,65.440002,65.559998,61.839859,21448600
4/6/2017,65.599998,66.059998,65.480003,65.730003,62.000217,18103500
4/7/2017,65.849998,65.959999,65.440002,65.68,61.953045,14108500
4/10/2017,65.610001,65.82,65.360001,65.529999,61.811543,17952700
4/11/2017,65.599998,65.610001,64.849998,65.480003,61.764389,18791500
4/12/2017,65.419998,65.510002,65.110001,65.230003,61.52858,17108500
4/13/2017,65.290001,65.860001,64.949997,64.949997,61.264462,17896500
4/17/2017,65.040001,65.489998,65.010002,65.480003,61.764389,16689300
4/18/2017,65.330002,65.709999,65.160004,65.389999,61.679512,15155600
4/19/2017,65.650002,65.75,64.889999,65.040001,61.349361,26992800
4/20/2017,65.459999,65.75,65.139999,65.5,61.783264,22299500
4/21/2017,65.669998,66.699997,65.449997,66.400002,62.632191,32522600
4/24/2017,67.480003,67.660004,67.099998,67.529999,63.698074,29770000
4/25/2017,67.900002,68.040001,67.599998,67.919998,64.065941,30242700
4/26/2017,68.080002,68.309998,67.620003,67.830002,63.981045,26190800
4/27/2017,68.150002,68.379997,67.580002,68.269997,64.396065,34971000
4/28/2017,68.910004,69.139999,67.690002,68.459999,64.575302,39548800
5/1/2017,68.68,69.550003,68.5,69.410004,65.471397,31954400
5/2/2017,69.709999,69.709999,69.129997,69.300003,65.367638,23906100
5/3/2017,69.379997,69.379997,68.709999,69.080002,65.160133,28928000
5/4/2017,69.029999,69.080002,68.639999,68.809998,64.905418,21749400
5/5/2017,68.900002,69.029999,68.489998,69,65.084656,19128800
5/8/2017,68.970001,69.050003,68.419998,68.940002,65.028061,18566100
5/9/2017,68.860001,69.279999,68.68,69.040001,65.122398,22858400
5/10/2017,68.989998,69.559998,68.919998,69.309998,65.377068,17977800
5/11/2017,68.360001,68.730003,68.120003,68.459999,64.575302,28789400
5/12/2017,68.610001,68.610001,68.040001,68.379997,64.499832,18714100
5/15/2017,68.139999,68.480003,67.57,68.43,64.546997,31530300
5/16/2017,68.230003,69.440002,68.160004,69.410004,65.846695,34956000
5/17/2017,68.889999,69.099998,67.43,67.480003,64.015747,30548800
5/18/2017,67.400002,68.129997,67.139999,67.709999,64.23394,25201300
5/19/2017,67.5,68.099998,67.43,67.690002,64.214973,26961100
5/22/2017,67.889999,68.5,67.5,68.449997,64.935951,16237600
5/23/2017,68.720001,68.75,68.379997,68.68,65.154152,15425800
5/24/2017,68.870003,68.879997,68.449997,68.769997,65.239532,14593900
5/25/2017,68.970001,69.879997,68.910004,69.620003,66.045898,21854100
5/26/2017,69.800003,70.220001,69.519997,69.959999,66.368416,19827900
5/30/2017,69.790001,70.410004,69.769997,70.410004,66.795349,17072800
5/31/2017,70.529999,70.739998,69.809998,69.839996,66.254585,30436400
6/1/2017,70.239998,70.610001,69.449997,70.099998,66.501236,21603600
6/2/2017,70.440002,71.860001,70.239998,71.760002,68.076035,34770300
6/5/2017,71.970001,72.889999,71.809998,72.279999,68.569344,33316800
6/6/2017,72.300003,72.620003,72.269997,72.519997,68.797005,31511100
6/7/2017,72.639999,72.769997,71.949997,72.389999,68.673683,22301800
6/8/2017,72.510002,72.519997,71.5,71.949997,68.256264,24588300
6/9/2017,72.040001,72.080002,68.589996,70.32,66.709961,49187400
6/12/2017,69.25,69.940002,68.129997,69.779999,66.19767,47761700
6/13/2017,70.019997,70.82,69.959999,70.650002,67.02301,25258600
6/14/2017,70.910004,71.099998,69.43,70.269997,66.662521,25510700
6/15/2017,69.269997,70.209999,68.800003,69.900002,66.311523,26068700
6/16/2017,69.730003,70.029999,69.220001,70,66.406387,48345100
6/19/2017,70.5,70.940002,70.349998,70.870003,67.23172,23798300
6/20/2017,70.82,70.870003,69.870003,69.910004,66.320992,21512200
6/21/2017,70.209999,70.620003,69.940002,70.269997,66.662521,19891100
6/22/2017,70.540001,70.589996,69.709999,70.260002,66.65303,22965700
6/23/2017,70.089996,71.25,69.919998,71.209999,67.554276,27617300
6/26/2017,71.400002,71.709999,70.440002,70.529999,66.909157,19607000
6/27/2017,70.110001,70.18,69.18,69.209999,65.656937,25215100
6/28/2017,69.209999,69.839996,68.790001,69.800003,66.216652,25806200
6/29/2017,69.379997,69.489998,68.089996,68.489998,64.973892,28918700
6/30/2017,68.779999,69.379997,68.739998,68.93,65.391304,24161100
7/3/2017,69.330002,69.599998,68.019997,68.169998,64.670326,16165500
7/5/2017,68.260002,69.440002,68.220001,69.080002,65.533607,21176300
7/6/2017,68.269997,68.779999,68.120003,68.57,65.049782,21117600
7/7/2017,68.699997,69.839996,68.699997,69.459999,65.894096,16878300
7/10/2017,69.459999,70.25,69.199997,69.980003,66.387413,15014500
7/11/2017,70,70.68,69.75,69.989998,66.396889,17460000
7/12/2017,70.690002,71.279999,70.550003,71.150002,67.49736,17750900
7/13/2017,71.5,72.040001,71.309998,71.769997,68.085503,20269800
7/14/2017,72.239998,73.269997,71.959999,72.779999,69.043663,25868100
7/17/2017,72.800003,73.449997,72.720001,73.349998,69.584396,21803900
7/18/2017,73.089996,73.389999,72.660004,73.300003,69.536957,26435300
7/19/2017,73.5,74.040001,73.449997,73.860001,70.068199,22416200
7/20/2017,74.18,74.300003,73.279999,74.220001,70.409744,42361000
7/21/2017,73.449997,74.290001,73.169998,73.790001,70.001816,46717100
7/24/2017,73.529999,73.75,73.129997,73.599998,69.821579,21394800
7/25/2017,73.800003,74.309998,73.5,74.190002,70.381279,22018700
7/26/2017,74.339996,74.379997,73.809998,74.050003,70.248459,16252200
7/27/2017,73.760002,74.419998,72.32,73.160004,69.404144,36844200
7/28/2017,72.669998,73.309998,72.540001,73.040001,69.290314,18306700
7/31/2017,73.300003,73.440002,72.410004,72.699997,68.967758,23600100
8/1/2017,73.099998,73.419998,72.489998,72.580002,68.853935,22132300
8/2/2017,72.550003,72.559998,71.440002,72.260002,68.550362,26499200
8/3/2017,72.190002,72.440002,71.849998,72.150002,68.446014,18214400
8/4/2017,72.400002,73.040001,72.239998,72.68,68.948792,22579000
8/7/2017,72.800003,72.900002,72.260002,72.400002,68.683174,18705700
8/8/2017,72.089996,73.129997,71.75,72.790001,69.053162,22044600
8/9/2017,72.25,72.510002,72.050003,72.470001,68.749588,22213400
8/10/2017,71.900002,72.190002,71.349998,71.410004,67.743996,24734500
8/11/2017,71.610001,72.699997,71.279999,72.5,68.77803,21443700
8/14/2017,73.059998,73.720001,72.949997,73.589996,69.812073,20096600
8/15/2017,73.589996,73.589996,73.040001,73.220001,69.831154,19181400
8/16/2017,73.339996,74.099998,73.169998,73.650002,70.241257,18150400
8/17/2017,73.580002,73.870003,72.400002,72.400002,69.049103,22977500
8/18/2017,72.269997,72.839996,71.93,72.489998,69.134949,18761500
8/21/2017,72.470001,72.480003,71.699997,72.150002,68.810677,17734800
8/22/2017,72.349998,73.239998,72.349998,73.160004,69.773949,14343700
8/23/2017,72.959999,73.150002,72.529999,72.720001,69.354301,13766500
8/24/2017,72.739998,72.860001,72.07,72.690002,69.325684,17098300
8/25/2017,72.860001,73.349998,72.480003,72.82,69.449646,12794300
8/28/2017,73.059998,73.089996,72.550003,72.830002,69.459213,14569700
8/29/2017,72.25,73.160004,72.050003,73.050003,69.669014,11478400
8/30/2017,73.010002,74.209999,72.830002,74.010002,70.584595,16897800
8/31/2017,74.029999,74.959999,73.800003,74.769997,71.309425,27652800
9/1/2017,74.709999,74.739998,73.639999,73.940002,70.51783,21736200
9/5/2017,73.339996,73.889999,72.980003,73.610001,70.20311,21556000
9/6/2017,73.739998,74.040001,73.349998,73.400002,70.002823,16535800
9/7/2017,73.68,74.599998,73.599998,74.339996,70.899307,17471200
9/8/2017,74.330002,74.440002,73.839996,73.980003,70.555977,14703800
9/11/2017,74.309998,74.940002,74.309998,74.760002,71.299881,17910400
9/12/2017,74.760002,75.239998,74.370003,74.68,71.223587,14394900
9/13/2017,74.93,75.230003,74.550003,75.209999,71.729057,13380800
9/14/2017,75,75.489998,74.519997,74.769997,71.309425,15733900
9/15/2017,74.830002,75.389999,74.07,75.309998,71.824417,38578400
9/18/2017,75.230003,75.970001,75.040001,75.160004,71.681366,23307000
9/19/2017,75.209999,75.709999,75.010002,75.440002,71.948418,16093300
9/20/2017,75.349998,75.550003,74.309998,74.940002,71.471542,21587900
9/21/2017,75.110001,75.239998,74.110001,74.209999,70.775322,19186100
9/22/2017,73.989998,74.510002,73.849998,74.410004,70.966072,14111400
9/25/2017,74.089996,74.25,72.919998,73.260002,69.869293,24149200
9/26/2017,73.669998,73.809998,72.989998,73.260002,69.869293,18019600
9/27/2017,73.550003,74.169998,73.169998,73.849998,70.432007,19565100
9/28/2017,73.540001,73.970001,73.309998,73.870003,70.451088,10883800
9/29/2017,73.940002,74.540001,73.879997,74.489998,71.042374,17079100
10/2/2017,74.709999,75.010002,74.300003,74.610001,71.156815,15304800
10/3/2017,74.669998,74.879997,74.190002,74.260002,70.823013,12190400
10/4/2017,74.089996,74.720001,73.709999,74.690002,71.233116,13317700
10/5/2017,75.220001,76.120003,74.959999,75.970001,72.45388,21195300
10/6/2017,75.669998,76.029999,75.540001,76,72.482475,13959800
10/9/2017,75.970001,76.550003,75.860001,76.290001,72.759079,11386500
10/10/2017,76.330002,76.629997,76.139999,76.290001,72.759079,13944500
10/11/2017,76.360001,76.459999,75.949997,76.419998,72.883049,15388900
10/12/2017,76.489998,77.290001,76.370003,77.120003,73.550636,16876500
10/13/2017,77.589996,77.870003,77.290001,77.489998,73.903526,15335700
10/16/2017,77.419998,77.809998,77.349998,77.650002,74.056122,12380100
10/17/2017,77.470001,77.620003,77.25,77.589996,73.998901,16824000
10/18/2017,77.669998,77.849998,77.370003,77.610001,74.017975,13300700
10/19/2017,77.57,77.93,77.349998,77.910004,74.304092,15092800
10/20/2017,78.32,78.970001,78.220001,78.809998,75.16243,22866400
10/23/2017,78.989998,79.339996,78.760002,78.830002,75.181503,20627200
10/24/2017,78.900002,79.199997,78.459999,78.860001,75.210114,17517200
10/25/2017,78.580002,79.099998,78.010002,78.629997,74.990768,20410800
10/26/2017,79.199997,79.419998,78.75,78.760002,75.114731,32120700
10/27/2017,84.370003,86.199997,83.610001,83.809998,79.931007,71066700
10/30/2017,83.699997,84.330002,83.110001,83.889999,80.007301,31756700
10/31/2017,84.360001,84.360001,83.110001,83.18,79.330177,27086600
11/1/2017,83.68,83.760002,82.879997,83.18,79.330177,22307400
11/2/2017,83.349998,84.459999,83.120003,84.050003,80.159912,23992900
11/3/2017,84.080002,84.540001,83.400002,84.139999,80.245743,17633500
11/6/2017,84.199997,84.699997,84.080002,84.470001,80.560478,19860900
11/7/2017,84.769997,84.900002,83.93,84.269997,80.36972,17939700
11/8/2017,84.139999,84.610001,83.830002,84.559998,80.646294,18034200
11/9/2017,84.110001,84.269997,82.900002,84.089996,80.198051,21178400
11/10/2017,83.790001,84.099998,83.230003,83.870003,79.988243,19397800
11/13/2017,83.660004,83.940002,83.459999,83.93,80.045464,14196900
11/14/2017,83.5,84.099998,82.980003,84.050003,80.159912,18801300
11/15/2017,83.470001,83.690002,82.690002,82.980003,79.536896,19383100
11/16/2017,83.099998,83.419998,82.940002,83.199997,79.747742,20962800
11/17/2017,83.120003,83.120003,82.239998,82.400002,78.980957,22079000
11/20/2017,82.400002,82.589996,82.25,82.529999,79.105545,16315000
11/21/2017,82.739998,83.839996,82.739998,83.720001,80.24617,21237500
11/22/2017,83.830002,83.900002,83.040001,83.110001,79.661491,20553100
11/24/2017,83.010002,83.43,82.779999,83.260002,79.80526,7425600
11/27/2017,83.309998,83.980003,83.300003,83.870003,80.389946,18265200
11/28/2017,84.07,85.059998,84.019997,84.879997,81.358047,21926000
11/29/2017,84.709999,84.919998,83.18,83.339996,79.881935,27381100
11/30/2017,83.510002,84.519997,83.339996,84.169998,80.677505,33054600
12/1/2017,83.599998,84.809998,83.220001,84.260002,80.763763,29532100
12/4/2017,84.419998,84.43,80.699997,81.080002,77.715721,39094900
12/5/2017,81.339996,82.68,80.980003,81.589996,78.204544,26152300
12/6/2017,81.550003,83.139999,81.43,82.779999,79.345169,26162100
12/7/2017,82.540001,82.800003,82,82.489998,79.0672,23184500
12/8/2017,83.629997,84.580002,83.330002,84.160004,80.667915,24489100
12/11/2017,84.290001,85.370003,84.120003,85.230003,81.693512,22857900
12/12/2017,85.309998,86.050003,85.080002,85.580002,82.028992,23924100
12/13/2017,85.739998,86,85.169998,85.349998,81.808533,22062700
12/14/2017,85.43,85.870003,84.529999,84.690002,81.175919,19306000
12/15/2017,85.260002,87.089996,84.879997,86.849998,83.2463,53936700
12/18/2017,87.120003,87.5,86.230003,86.379997,82.795799,22283800
12/19/2017,86.349998,86.349998,85.269997,85.830002,82.268616,23524800
12/20/2017,86.199997,86.300003,84.709999,85.519997,81.971489,23674900
12/21/2017,86.050003,86.099998,85.400002,85.5,81.952309,17990700
12/22/2017,85.400002,85.629997,84.919998,85.510002,81.961891,14145800
12/26/2017,85.309998,85.529999,85.029999,85.400002,81.856468,9891200
12/27/2017,85.650002,85.980003,85.220001,85.709999,82.153587,14678000
12/28/2017,85.900002,85.93,85.550003,85.720001,82.163185,10594300
12/29/2017,85.629997,86.050003,85.5,85.540001,81.990669,18717400
1/2/2018,86.129997,86.309998,85.5,85.949997,82.383636,22483800
1/3/2018,86.059998,86.510002,85.970001,86.349998,82.767044,26061400
1/4/2018,86.589996,87.660004,86.57,87.110001,83.495522,21912000
1/5/2018,87.660004,88.410004,87.43,88.190002,84.530701,23407100
1/8/2018,88.199997,88.580002,87.599998,88.279999,84.616966,22113000
1/9/2018,88.650002,88.730003,87.860001,88.220001,84.559456,19484300
1/10/2018,87.860001,88.190002,87.410004,87.82,84.176056,18652200
1/11/2018,88.129997,88.129997,87.239998,88.080002,84.425262,17808900
1/12/2018,88.669998,89.779999,88.449997,89.599998,85.882187,24271500
1/16/2018,90.099998,90.790001,88.010002,88.349998,84.684052,36599700
1/17/2018,89.080002,90.279999,88.75,90.139999,86.39978,25621200
1/18/2018,89.800003,90.669998,89.660004,90.099998,86.36145,24159700
1/19/2018,90.139999,90.610001,89.660004,90,86.265594,36875000
1/22/2018,90,91.620003,89.739998,91.610001,87.808777,23601600
1/23/2018,91.900002,92.300003,91.540001,91.900002,88.086754,23412800
1/24/2018,92.550003,93.43,91.580002,91.82,88.010063,33277500
1/25/2018,92.470001,93.239998,91.93,92.330002,88.498917,26383200
1/26/2018,93.120003,94.059998,92.580002,94.059998,90.157143,29172200
1/29/2018,95.139999,95.449997,93.720001,93.919998,90.022942,31569900
1/30/2018,93.300003,93.660004,92.099998,92.739998,88.891899,38635100
1/31/2018,93.75,95.400002,93.510002,95.010002,91.067711,48756300
2/1/2018,94.790001,96.07,93.580002,94.260002,90.348839,47227900
2/2/2018,93.639999,93.970001,91.5,91.779999,87.971733,47867800
2/5/2018,90.559998,93.239998,88,88,84.348587,51031500
2/6/2018,86.889999,91.480003,85.25,91.330002,87.540405,67998600
2/7/2018,90.489998,91.769997,89.199997,89.610001,85.891769,41107600
2/8/2018,89.709999,89.879997,84.760002,85.010002,81.482643,55628700
2/9/2018,86.300003,88.93,83.830002,88.18,84.521103,63499100
2/12/2018,88.739998,89.779999,87.93,89.129997,85.431679,35720300
2/13/2018,88.93,90,87.800003,89.830002,86.102661,26407700
2/14/2018,88.510002,90.989998,88.410004,90.809998,87.450859,34960900
2/15/2018,91.209999,92.720001,90.620003,92.660004,89.23243,27823900
2/16/2018,92.449997,93.5,91.800003,92,88.596848,30596900
2/20/2018,91.480003,93.059998,91.010002,92.720001,89.290207,30911700
2/21/2018,92.980003,93.360001,91.489998,91.489998,88.105705,26922500
2/22/2018,92.050003,92.730003,91.360001,91.730003,88.336838,24392800
2/23/2018,93.599998,94.07,92.360001,94.059998,90.580643,26329200
2/26/2018,94.400002,95.449997,94.25,95.419998,91.89032,30199800
2/27/2018,95.739998,95.839996,94.199997,94.199997,90.715469,25869100
2/28/2018,94.839996,95.709999,93.629997,93.769997,90.301384,31167300
3/1/2018,93.989998,94.57,91.839996,92.849998,89.415398,37135600
3/2/2018,91.580002,93.150002,90.860001,93.050003,89.608009,32830400
3/5/2018,92.339996,94.269997,92.260002,93.639999,90.176186,23901600
3/6/2018,94.339996,94.489998,92.940002,93.32,89.868011,22175800
3/7/2018,93.160004,93.940002,92.43,93.860001,90.388046,26716100
3/8/2018,94.269997,95.099998,93.769997,94.43,90.936951,25887800
3/9/2018,95.290001,96.540001,95,96.540001,92.968887,36937300
3/12/2018,96.5,97.209999,96.040001,96.769997,93.190392,26073700
3/13/2018,97,97.239998,93.970001,94.410004,90.917709,35387800
3/14/2018,95.120003,95.410004,93.5,93.849998,90.37841,32132000
3/15/2018,93.529999,94.580002,92.830002,94.18,90.696205,27611000
3/16/2018,94.68,95.379997,93.919998,94.599998,91.10067,49081300
3/19/2018,93.739998,93.900002,92.110001,92.889999,89.453911,33344100
3/20/2018,93.050003,93.769997,93,93.129997,89.685036,23075200
3/21/2018,92.93,94.050003,92.209999,92.480003,89.05909,24457100
3/22/2018,91.269997,91.75,89.660004,89.790001,86.468597,38604700
3/23/2018,89.5,90.459999,87.080002,87.18,83.955154,44068900
3/26/2018,90.610001,94,90.400002,93.779999,90.310989,56396800
3/27/2018,94.940002,95.139999,88.510002,89.470001,86.160439,56569000
3/28/2018,89.82,91.230003,88.870003,89.389999,86.083389,52501100
3/29/2018,90.18,92.290001,88.400002,91.269997,87.893845,45867500
4/2/2018,90.470001,90.879997,87.510002,88.519997,85.245575,48515400
4/3/2018,89.580002,90.050003,87.889999,89.709999,86.391548,37213800
4/4/2018,87.849998,92.760002,87.730003,92.330002,88.914635,35560000
4/5/2018,92.440002,93.07,91.400002,92.379997,88.962784,29771900
4/6/2018,91.489998,92.459999,89.480003,90.230003,86.892326,38026000
4/9/2018,91.040001,93.169998,90.620003,90.769997,87.412331,31533900
4/10/2018,92.389999,93.279999,91.639999,92.879997,89.44429,26812000
4/11/2018,92.010002,93.290001,91.480003,91.860001,88.462013,24872100
4/12/2018,92.43,94.160004,92.43,93.580002,90.118393,26758900
4/13/2018,94.050003,94.18,92.440002,93.080002,89.636894,23346100
4/16/2018,94.07,94.660004,93.419998,94.169998,90.686562,20288100
4/17/2018,95,96.540001,94.879997,96.07,92.516273,26771000
4/18/2018,96.220001,96.720001,95.519997,96.440002,92.872604,21043300
4/19/2018,96.440002,97.07,95.339996,96.110001,92.554802,23552500
4/20/2018,95.910004,96.110001,94.050003,95,91.485863,31154400
4/23/2018,95.739998,96.290001,94.629997,95.349998,91.822914,22331800
4/24/2018,96.239998,96.470001,92.410004,93.120003,89.675407,34524800
4/25/2018,93.300003,93.300003,90.279999,92.309998,88.89537,33729300
4/26/2018,93.550003,95.150002,93.099998,94.260002,90.773247,42529000
4/27/2018,97.599998,97.900002,93.910004,95.82,92.275536,48272800
4/30/2018,96.330002,96.400002,93.150002,93.519997,90.060593,41523600
5/1/2018,93.209999,95.290001,92.790001,95,91.485863,31408900
5/2/2018,94.989998,95.169998,93.190002,93.510002,90.050987,27471000
5/3/2018,92.959999,94.93,92.449997,94.07,90.590263,31142500
5/4/2018,93.32,95.370003,92.919998,95.160004,91.639946,22531300
5/7/2018,95.169998,96.709999,95.099998,96.220001,92.660728,24242000
5/8/2018,95.849998,96.160004,95.059998,95.809998,92.2659,23484600
5/9/2018,96.010002,96.970001,95.050003,96.940002,93.354095,27327400
5/10/2018,97.459999,97.949997,97.050003,97.910004,94.288223,22388100
5/11/2018,97.800003,97.870003,97.040001,97.699997,94.085976,16778300
5/14/2018,97.919998,98.690002,97.309998,98.029999,94.403786,19454100
5/15/2018,97.239998,97.849998,96.339996,97.32,93.720055,24594000
5/16/2018,97.360001,97.400002,96.620003,97.150002,93.961853,17384700
5/17/2018,96.760002,97.540001,95.830002,96.18,93.023682,17246700
5/18/2018,96.010002,96.93,96.010002,96.360001,93.197762,17865800
5/21/2018,97,98.010002,96.800003,97.599998,94.397079,19422500
5/22/2018,97.68,98.169998,97.199997,97.5,94.300346,15441200
5/23/2018,96.709999,98.730003,96.32,98.660004,95.422295,21251200
5/24/2018,98.730003,98.940002,96.809998,98.309998,95.083778,26649300
5/25/2018,98.300003,98.980003,97.860001,98.360001,95.132141,18363900
5/29/2018,97.839996,98.879997,97.230003,98.010002,94.79361,28671000
5/30/2018,98.309998,99.25,97.910004,98.949997,95.702774,22158500
5/31/2018,99.290001,99.989998,98.610001,98.839996,95.59639,34140900
6/1/2018,99.279999,100.860001,99.169998,100.790001,97.482384,28655600
6/4/2018,101.260002,101.860001,100.849998,101.669998,98.333511,27281600
6/5/2018,102,102.330002,101.529999,102.190002,98.836456,23514400
6/6/2018,102.480003,102.599998,101.900002,102.489998,99.126595,21122900
6/7/2018,102.650002,102.690002,100.379997,100.879997,97.569443,28232200
6/8/2018,101.089996,101.949997,100.540001,101.629997,98.294823,22165100
6/11/2018,101.010002,101.589996,100.669998,101.050003,97.733849,23490900
6/12/2018,101.099998,101.449997,100.75,101.309998,97.985329,18325200
6/13/2018,101.720001,102.010002,100.559998,100.849998,97.540421,29492900
6/14/2018,101.650002,102.029999,101,101.419998,98.091713,25691800
6/15/2018,101.510002,101.529999,100.07,100.129997,96.84404,65738600
6/18/2018,100.010002,101.110001,99.419998,100.860001,97.550117,23586000
6/19/2018,99.650002,101,99.5,100.860001,97.550117,28653100
6/20/2018,101.370003,102.519997,101.120003,101.870003,98.526955,26180800
6/21/2018,102.080002,102.459999,100.879997,101.139999,97.820908,23198200
6/22/2018,100.410004,100.769997,99.629997,100.410004,97.114868,38923100
6/25/2018,100,100.110001,97.300003,98.389999,95.161163,35433300
6/26/2018,98.82,100.080002,98.75,99.080002,95.828522,26897200
6/27/2018,99.580002,100.019997,97.400002,97.540001,94.33905,31298400
6/28/2018,97.379997,99.110001,97.260002,98.629997,95.39328,26650700
6/29/2018,98.93,99.910004,98.330002,98.610001,95.37394,28053200
7/2/2018,98.099998,100.059998,98,100.010002,96.728004,19564500
7/3/2018,100.480003,100.629997,98.940002,99.050003,95.7995,14670300
7/5/2018,99.5,99.919998,99.029999,99.760002,96.486198,18977400
7/6/2018,99.889999,101.43,99.669998,101.160004,97.840256,19234600
7/9/2018,101.650002,102.25,101.25,101.849998,98.507607,18212000
7/10/2018,102,102.510002,101.860001,102.120003,98.768738,19293100
7/11/2018,101.150002,102.339996,101.099998,101.980003,98.633339,19644600
7/12/2018,102.769997,104.410004,102.730003,104.190002,100.770821,24335900
7/13/2018,104.370003,105.599998,104.089996,105.43,101.970116,24635200
7/16/2018,105.400002,105.82,104.519997,104.910004,101.467194,21786900
7/17/2018,104.610001,106.5,104.32,105.949997,102.473053,25901700
7/18/2018,105.940002,106.050003,104.720001,105.120003,101.670296,29493900
7/19/2018,104.93,105.309998,103.889999,104.400002,100.97393,40171600
7/20/2018,108.080002,108.199997,106.080002,106.269997,102.782555,56004000
7/23/2018,106.300003,108.139999,106.129997,107.970001,104.426773,29707000
7/24/2018,108.57,108.82,107.260002,107.660004,104.126945,26316600
7/25/2018,107.959999,111.150002,107.599998,110.830002,107.192909,30702100
7/26/2018,110.739998,111,109.5,109.620003,106.022621,31372100
7/27/2018,110.18,110.18,106.139999,107.68,104.146278,37005300
7/30/2018,107.190002,107.529999,104.760002,105.370003,101.912086,34668300
7/31/2018,106.489998,106.720001,105.379997,106.080002,102.598785,27655200
8/1/2018,106.029999,106.449997,105.419998,106.279999,102.792229,23628700
8/2/2018,105.400002,108.089996,104.839996,107.57,104.039886,26104300
8/3/2018,107.800003,108.050003,106.82,108.040001,104.494476,18659600
8/6/2018,108.120003,108.419998,107.559998,108.129997,104.58152,20265900
8/7/2018,108.559998,109.099998,108.169998,108.879997,105.306915,16080200
8/8/2018,109.330002,109.75,108.760002,109.489998,105.896889,15487500
8/9/2018,109.709999,110.160004,109.599998,109.669998,106.070969,13677200
8/10/2018,109.419998,109.690002,108.379997,109,105.422966,18183700
8/13/2018,109.239998,109.580002,108.099998,108.209999,104.658897,18472500
8/14/2018,108.559998,109.75,108.040001,109.559998,105.964584,16788300
8/15/2018,108.489998,108.989998,106.82,107.660004,104.527657,29982800
8/16/2018,108.300003,108.860001,107.300003,107.639999,104.50824,21384300
8/17/2018,107.360001,107.900002,106.690002,107.580002,104.449982,18061500
8/20/2018,107.510002,107.900002,106.480003,106.870003,103.760651,17914200
8/21/2018,106.919998,107.349998,105.849998,105.980003,102.896538,22881900
8/22/2018,105.849998,107.339996,105.779999,107.059998,103.945107,18000600
8/23/2018,107.150002,108.18,106.870003,107.559998,104.430565,18167700
8/24/2018,107.669998,108.559998,107.559998,108.400002,105.246117,17234000
8/27/2018,109.269997,109.639999,108.510002,109.599998,106.411194,19662300
8/28/2018,109.940002,110.5,109.790001,110.260002,107.052017,19151500
8/29/2018,110.449997,112.029999,110.269997,112.019997,108.760788,20818000
8/30/2018,111.669998,112.610001,111.440002,111.949997,108.692833,22798700
8/31/2018,111.690002,112.779999,111.519997,112.330002,109.061783,23222700
9/4/2018,110.849998,111.959999,110.220001,111.709999,108.459816,22634600
9/5/2018,111.010002,111.419998,108.099998,108.489998,105.333496,32872400
9/6/2018,108.25,108.989998,107.510002,108.739998,105.576233,23477600
9/7/2018,108.230003,108.720001,107.230003,108.209999,105.061653,22498600
9/10/2018,108.839996,109.639999,108.360001,109.379997,106.197624,20727900
9/11/2018,108.900002,111.589996,108.889999,111.239998,108.003479,24301800
9/12/2018,111.43,111.849998,110.510002,111.709999,108.459816,18891100
9/13/2018,112.120003,113.730003,112.120003,112.910004,109.624908,26055600
9/14/2018,113.360001,113.730003,112.440002,113.370003,110.071526,19122300
9/17/2018,113.690002,113.699997,111.860001,112.139999,108.877296,20736500
9/18/2018,112.190002,113.699997,111.720001,113.209999,109.916176,22170900
9/19/2018,113.050003,113.32,111.040001,111.699997,108.450096,21728400
9/20/2018,112.279999,113.800003,111.93,113.57,110.265701,23714500
9/21/2018,114,115.290001,113.510002,114.260002,110.935631,71229700
9/24/2018,113.029999,114.900002,112.220001,114.669998,111.333687,27334500
9/25/2018,114.800003,115.099998,113.75,114.449997,111.120094,22668000
9/26/2018,114.470001,115.059998,113.739998,113.980003,110.663773,19352000
9/27/2018,114.779999,114.910004,114.199997,114.410004,111.081276,19091300
9/28/2018,114.190002,114.57,113.68,114.370003,111.042427,21647800
10/1/2018,114.75,115.68,114.730003,115.610001,112.246353,18883100
10/2/2018,115.300003,115.839996,114.440002,115.150002,111.799736,20787200
10/3/2018,115.419998,116.18,114.93,115.169998,111.819153,16648000
10/4/2018,114.610001,114.760002,111.629997,112.790001,109.5084,34821700
10/5/2018,112.629997,113.169998,110.639999,112.129997,108.867607,29068900
10/8/2018,111.660004,112.029999,109.339996,110.849998,107.624847,29640600
10/9/2018,111.139999,113.080002,110.800003,112.260002,108.993813,26198600
10/10/2018,111.239998,111.5,105.790001,106.160004,103.071304,61376300
10/11/2018,105.349998,108.93,104.199997,105.910004,102.828575,63904300
10/12/2018,109.010002,111.239998,107.120003,109.57,106.382088,47742100
10/15/2018,108.910004,109.480003,106.949997,107.599998,104.469391,32068100
10/16/2018,109.540001,111.410004,108.949997,111,107.770477,31610200
10/17/2018,111.68,111.809998,109.550003,110.709999,107.488914,26548200
10/18/2018,110.099998,110.529999,107.830002,108.5,105.343208,32506200
10/19/2018,108.93,110.860001,108.209999,108.660004,105.498566,32785500
10/22/2018,109.32,110.540001,108.239998,109.629997,106.440323,26545600
10/23/2018,107.769997,108.970001,105.110001,108.099998,104.954857,43770400
10/24/2018,108.410004,108.489998,101.589996,102.32,99.343018,63897800
10/25/2018,106.550003,109.269997,106.150002,108.300003,105.14904,61646800
10/26/2018,105.690002,108.75,104.760002,106.959999,103.848022,55523100
10/29/2018,108.110001,108.699997,101.629997,103.849998,100.828499,55162000
10/30/2018,103.660004,104.379997,100.110001,103.730003,100.71199,65350900
10/31/2018,105.440002,108.139999,105.389999,106.809998,103.702377,51062400
11/1/2018,107.050003,107.32,105.529999,105.919998,102.838272,33384200
11/2/2018,106.480003,107.32,104.980003,106.160004,103.071304,37680200
11/5/2018,106.370003,107.739998,105.900002,107.510002,104.382019,27922100
11/6/2018,107.379997,108.839996,106.279999,107.720001,104.585907,24340200
11/7/2018,109.440002,112.239998,109.400002,111.959999,108.702545,37901700
11/8/2018,111.800003,112.209999,110.910004,111.75,108.49865,25644100
11/9/2018,110.849998,111.449997,108.760002,109.57,106.382088,32039200
11/12/2018,109.419998,109.959999,106.099998,106.870003,103.760651,33621800
11/13/2018,107.550003,108.739998,106.639999,106.940002,103.828598,35374600
11/14/2018,108.099998,108.260002,104.470001,104.970001,102.356194,39495100
11/15/2018,104.989998,107.800003,103.910004,107.279999,104.608681,38505200
11/16/2018,107.080002,108.879997,106.800003,108.290001,105.593529,33502100
11/19/2018,108.269997,108.559998,103.550003,104.620003,102.014923,44773900
11/20/2018,101.800003,102.970001,99.349998,101.709999,99.177376,64052500
11/21/2018,103.599998,104.43,102.239998,103.110001,100.542526,28130600
11/23/2018,102.169998,103.809998,102,103.07,100.503517,13823100
11/26/2018,104.790001,106.629997,104.580002,106.470001,103.818855,32336200
11/27/2018,106.269997,107.330002,105.360001,107.139999,104.47216,29124500
11/28/2018,107.889999,111.330002,107.860001,111.120003,108.353065,46788500
11/29/2018,110.330002,111.120003,109.029999,110.190002,107.44622,28123200
11/30/2018,110.699997,110.970001,109.360001,110.889999,108.128792,33665600
12/3/2018,113,113.419998,110.730003,112.089996,109.298897,34732800
12/4/2018,111.940002,112.639999,108.209999,108.519997,105.817787,45197000
12/6/2018,105.82,109.239998,105,109.190002,106.471123,49107400
12/7/2018,108.379997,109.449997,104.300003,104.82,102.209938,45044900
12/10/2018,104.800003,107.980003,103.889999,107.589996,104.91095,40801500
12/11/2018,109.800003,110.949997,107.440002,108.589996,105.886063,42381900
12/12/2018,110.889999,111.269997,109.040001,109.080002,106.363861,36183000
12/13/2018,109.580002,110.870003,108.629997,109.449997,106.72464,31333400
12/14/2018,108.25,109.260002,105.5,106.029999,103.389809,47043100
12/17/2018,105.410004,105.800003,101.709999,102.889999,100.327995,56957300
12/18/2018,103.75,104.510002,102.519997,103.970001,101.381104,49319200
12/19/2018,103.650002,106.879997,101.349998,103.690002,101.10807,68198200
12/20/2018,103.050003,104.309998,98.779999,101.510002,98.982368,70334200
12/21/2018,101.629997,103,97.459999,98.230003,95.784027,111242100
12/24/2018,97.68,97.970001,93.980003,94.129997,91.786125,43935200
12/26/2018,95.139999,100.690002,93.959999,100.559998,98.056015,51634800
12/27/2018,99.300003,101.190002,96.400002,101.18,98.660576,49498500
12/28/2018,102.089996,102.410004,99.519997,100.389999,97.890251,38196300
12/31/2018,101.290001,102.400002,100.440002,101.57,99.040863,33173800
1/2/2019,99.550003,101.75,98.940002,101.120003,98.602066,35329300
1/3/2019,100.099998,100.190002,97.199997,97.400002,94.974693,42579100
1/4/2019,99.720001,102.510002,98.93,101.93,99.391899,44060600
1/7/2019,101.639999,103.269997,100.980003,102.059998,99.518669,35656100
1/8/2019,103.040001,103.970001,101.709999,102.800003,100.240234,31514400
1/9/2019,103.860001,104.879997,103.239998,104.269997,101.673622,32280800
1/10/2019,103.220001,103.75,102.379997,103.599998,101.020325,30067600
1/11/2019,103.190002,103.440002,101.639999,102.800003,100.240234,28314200
1/14/2019,101.900002,102.870003,101.260002,102.050003,99.508911,28437100
1/15/2019,102.510002,105.050003,101.879997,105.010002,102.39521,31587600
1/16/2019,105.260002,106.260002,104.959999,105.379997,102.755997,29853900
1/17/2019,105,106.629997,104.760002,106.120003,103.477577,28393000
1/18/2019,107.459999,107.900002,105.910004,107.709999,105.027977,37427600
1/22/2019,106.75,107.099998,104.860001,105.68,103.048515,32371300
1/23/2019,106.120003,107.040001,105.339996,106.709999,104.052872,25874300
1/24/2019,106.860001,107,105.339996,106.199997,103.555573,23164800
1/25/2019,107.239998,107.879997,106.199997,107.169998,104.501427,31225600
1/28/2019,106.260002,106.480003,104.660004,105.080002,102.46347,29476700
1/29/2019,104.879997,104.970001,102.169998,102.940002,100.376747,31490500
1/30/2019,104.620003,106.379997,104.330002,106.379997,103.731094,49471900
1/31/2019,103.800003,105.220001,103.18,104.43,101.829651,55636400
2/1/2019,103.779999,104.099998,102.349998,102.779999,100.220734,35535700
2/4/2019,102.870003,105.800003,102.769997,105.739998,103.107025,31315100
2/5/2019,106.059998,107.269997,105.959999,107.220001,104.550163,27325400
2/6/2019,107,107,105.529999,106.029999,103.389809,20609800
2/7/2019,105.190002,105.589996,104.290001,105.269997,102.648727,29760700
2/8/2019,104.389999,105.779999,104.260002,105.669998,103.03878,21461100
2/11/2019,106.199997,106.580002,104.970001,105.25,102.629219,18914100
2/12/2019,106.139999,107.139999,105.480003,106.889999,104.228394,25056600
2/13/2019,107.5,107.779999,106.709999,106.809998,104.150375,18394900
2/14/2019,106.309998,107.290001,105.660004,106.900002,104.238144,21784700
2/15/2019,107.910004,108.300003,107.360001,108.220001,105.525269,26606900
2/19/2019,107.790001,108.660004,107.779999,108.169998,105.476517,18038500
2/20/2019,107.860001,107.940002,106.290001,107.150002,104.928131,21607700
2/21/2019,106.900002,109.480003,106.870003,109.410004,107.141273,29063200
2/22/2019,110.050003,111.199997,109.82,110.970001,108.668922,27763200
2/25/2019,111.760002,112.18,111.260002,111.589996,109.276062,23750600
2/26/2019,111.260002,113.239998,111.169998,112.360001,110.030106,21536700
2/27/2019,111.690002,112.360001,110.879997,112.169998,109.844032,21487100
2/28/2019,112.040001,112.879997,111.730003,112.029999,109.70694,29083900
3/1/2019,112.889999,113.019997,111.669998,112.529999,110.196579,23501200
3/4/2019,113.019997,113.25,110.800003,112.260002,109.932167,26608000
3/5/2019,112.25,112.389999,111.230003,111.699997,109.383766,19538300
3/6/2019,111.870003,112.660004,111.43,111.75,109.432739,17687000
3/7/2019,111.400002,111.550003,109.870003,110.389999,108.100937,25339000
3/8/2019,109.160004,110.709999,108.800003,110.510002,108.21846,22818400
3/11/2019,110.989998,112.949997,110.980003,112.830002,110.490349,26491600
3/12/2019,112.82,113.989998,112.650002,113.620003,111.263962,26132700
3/13/2019,114.129997,115,113.779999,114.5,112.125717,35513800
3/14/2019,114.540001,115.199997,114.330002,114.589996,112.213852,30763400
3/15/2019,115.339996,117.25,114.589996,115.910004,113.506485,54681100
3/18/2019,116.169998,117.610001,116.050003,117.57,115.13205,31207600
3/19/2019,118.089996,118.440002,116.989998,117.650002,115.210396,37588700
3/20/2019,117.389999,118.75,116.709999,117.519997,115.083099,28113300
3/21/2019,117.139999,120.82,117.089996,120.220001,117.727119,29854400
3/22/2019,119.5,119.589996,117.040001,117.050003,114.622833,33624500
3/25/2019,116.559998,118.010002,116.32,117.660004,115.220207,27067100
3/26/2019,118.620003,118.709999,116.849998,117.910004,115.465012,26097700
3/27/2019,117.879997,118.209999,115.519997,116.769997,114.348633,22733400
3/28/2019,117.440002,117.580002,116.129997,116.93,114.505325,18334800
3/29/2019,118.07,118.32,116.959999,117.940002,115.494392,25399800
4/1/2019,118.949997,119.110001,118.099998,119.019997,116.552002,22789100
4/2/2019,119.059998,119.480003,118.519997,119.190002,116.718468,18142300
4/3/2019,119.860001,120.43,119.150002,119.970001,117.4823,22860700
4/4/2019,120.099998,120.230003,118.379997,119.360001,116.884949,20112800
4/5/2019,119.389999,120.230003,119.370003,119.889999,117.403961,15826200
4/8/2019,119.809998,120.019997,118.639999,119.93,117.443115,15116200
4/9/2019,118.629997,119.540001,118.580002,119.279999,116.806595,17612000
4/10/2019,119.760002,120.349998,119.540001,120.190002,117.697731,16477200
4/11/2019,120.540001,120.849998,119.919998,120.330002,117.834824,14209100
4/12/2019,120.639999,120.980003,120.370003,120.949997,118.441963,19745100
4/15/2019,120.940002,121.580002,120.57,121.050003,118.539902,15792600
4/16/2019,121.639999,121.650002,120.099998,120.769997,118.265701,14071800
4/17/2019,121.239998,121.849998,120.540001,121.769997,119.244965,19300900
4/18/2019,122.190002,123.519997,121.300003,123.370003,120.811798,27991000
4/22/2019,122.620003,124,122.57,123.760002,121.19371,15648700
4/23/2019,124.099998,125.580002,123.830002,125.440002,122.838867,24025500
4/24/2019,125.790001,125.849998,124.519997,125.010002,122.417786,31257000
4/25/2019,130.059998,131.369995,128.830002,129.149994,126.471931,38033900
4/26/2019,129.699997,130.520004,129.020004,129.889999,127.196594,23654900
4/29/2019,129.899994,130.179993,129.350006,129.770004,127.079079,16324200
4/30/2019,129.809998,130.699997,129.389999,130.600006,127.891884,24166500
5/1/2019,130.529999,130.649994,127.699997,127.879997,125.228279,26821700
5/2/2019,127.980003,128,125.519997,126.209999,123.592903,27350200
5/3/2019,127.360001,129.429993,127.25,128.899994,126.227119,24911100
5/6/2019,126.389999,128.559998,126.110001,128.149994,125.492653,24239800
5/7/2019,126.459999,127.18,124.220001,125.519997,122.917198,36017700
5/8/2019,125.440002,126.370003,124.75,125.510002,122.907425,28419000
5/9/2019,124.290001,125.790001,123.57,125.5,122.897636,27235800
5/10/2019,124.910004,127.93,123.82,127.129997,124.493828,30915100
5/13/2019,124.110001,125.550003,123.040001,123.349998,120.792198,33944900
5/14/2019,123.870003,125.879997,123.699997,124.730003,122.1436,25266300
5/15/2019,124.260002,126.709999,123.699997,126.019997,123.863647,24722700
5/16/2019,126.75,129.380005,126.459999,128.929993,126.723854,30112200
5/17/2019,128.309998,130.460007,127.919998,128.070007,125.878578,25770500
5/20/2019,126.519997,127.589996,125.760002,126.220001,124.060226,23706900
5/21/2019,127.43,127.529999,126.580002,126.900002,124.7286,15293300
5/22/2019,126.620003,128.240005,126.519997,127.669998,125.485413,15396500
5/23/2019,126.199997,126.290001,124.739998,126.18,124.020912,23603800
5/24/2019,126.910004,127.419998,125.970001,126.239998,124.07988,14123400
5/28/2019,126.980003,128,126.050003,126.160004,124.001266,23128400
5/29/2019,125.379997,125.389999,124.040001,124.940002,122.802124,22763100
5/30/2019,125.260002,125.760002,124.779999,125.730003,123.578606,16829600
5/31/2019,124.230003,124.620003,123.32,123.68,121.563683,26646800
6/3/2019,123.849998,124.370003,119.010002,119.839996,117.789391,37983600
6/4/2019,121.279999,123.279999,120.650002,123.160004,121.052589,29382600
6/5/2019,124.949997,125.870003,124.209999,125.830002,123.676903,24926100
6/6/2019,126.440002,127.970001,125.599998,127.82,125.632843,21459000
6/7/2019,129.190002,132.25,128.259995,131.399994,129.151581,33885600
6/10/2019,132.399994,134.080002,132,132.600006,130.33107,26477100
6/11/2019,133.880005,134.240005,131.279999,132.100006,129.839615,23913700
6/12/2019,131.399994,131.970001,130.710007,131.490005,129.240067,17084700
6/13/2019,131.979996,133,131.559998,132.320007,130.055832,17200800
6/14/2019,132.259995,133.789993,131.639999,132.449997,130.183624,17821700
6/17/2019,132.630005,133.729996,132.529999,132.850006,130.576782,14517800
6/18/2019,134.190002,135.240005,133.570007,135.160004,132.84726,25934500
6/19/2019,135,135.929993,133.809998,135.690002,133.368195,23744400
6/20/2019,137.449997,137.660004,135.720001,136.949997,134.606598,33042600
6/21/2019,136.580002,137.729996,136.460007,136.970001,134.626282,36727900
6/24/2019,137,138.399994,137,137.779999,135.422424,20628800
6/25/2019,137.25,137.589996,132.729996,133.429993,131.146851,33327400
6/26/2019,134.350006,135.740005,133.600006,133.929993,131.63829,23657700
6/27/2019,134.139999,134.710007,133.509995,134.149994,131.854507,16557500
6/28/2019,134.570007,134.600006,133.160004,133.960007,131.667801,30043000
7/1/2019,136.630005,136.699997,134.970001,135.679993,133.358353,22654200
7/2/2019,136.119995,136.589996,135.339996,136.580002,134.242935,15237800
7/3/2019,136.800003,137.740005,136.289993,137.460007,135.107895,13629300
7/5/2019,135.940002,137.330002,135.720001,137.059998,134.714737,18141100
7/8/2019,136.399994,137.100006,135.369995,136.960007,134.616455,16779700
7/9/2019,136,136.970001,135.800003,136.460007,134.125015,19953100
7/10/2019,137.130005,138.580002,137.020004,137.850006,135.491241,24204400
7/11/2019,138.199997,139.220001,137.869995,138.399994,136.031815,22327900
7/12/2019,138.850006,139.130005,138.009995,138.899994,136.523254,18936800
7/15/2019,139.440002,139.539993,138.460007,138.899994,136.523254,16651500
7/16/2019,138.960007,139.050003,136.520004,137.080002,134.734375,22726100
7/17/2019,137.699997,137.929993,136.220001,136.270004,133.938263,20211000
7/18/2019,135.550003,136.619995,134.669998,136.419998,134.085693,30808700
7/19/2019,140.220001,140.669998,136.449997,136.619995,134.282257,48992400
7/22/2019,137.410004,139.190002,137.330002,138.429993,136.061279,25074900
7/23/2019,139.759995,139.990005,138.029999,139.289993,136.906586,18034600
7/24/2019,138.899994,140.740005,138.850006,140.720001,138.312103,20738300
7/25/2019,140.429993,140.610001,139.320007,140.190002,137.791183,18356900
7/26/2019,140.369995,141.679993,140.300003,141.339996,138.921494,19037600
7/29/2019,141.5,141.509995,139.369995,141.029999,138.616806,16605900
7/30/2019,140.139999,141.220001,139.800003,140.350006,137.948441,16846500
7/31/2019,140.330002,140.490005,135.080002,136.270004,133.938263,38598800
8/1/2019,137,140.940002,136.929993,138.059998,135.697617,40557500
8/2/2019,138.089996,138.320007,135.259995,136.899994,134.557465,30791600
8/5/2019,133.300003,133.929993,130.779999,132.210007,129.947739,42749600
8/6/2019,133.800003,135.679993,133.210007,134.690002,132.385284,32696700
8/7/2019,133.789993,135.649994,131.830002,135.279999,132.965179,33414500
8/8/2019,136.600006,138.990005,135.929993,138.889999,136.513412,27496500
8/9/2019,138.610001,139.380005,136.460007,137.710007,135.353622,23466700
8/12/2019,137.070007,137.860001,135.240005,135.789993,133.466446,20476600
8/13/2019,136.050003,138.800003,135,138.600006,136.228409,25154600
8/14/2019,136.360001,136.919998,133.669998,133.979996,132.125946,32527300
8/15/2019,134.389999,134.580002,132.25,133.679993,131.830093,28074400
8/16/2019,134.880005,136.460007,134.720001,136.130005,134.246216,24449100
8/19/2019,137.850006,138.550003,136.889999,138.410004,136.494659,24355700
8/20/2019,138.210007,138.710007,137.240005,137.259995,135.360565,21170800
8/21/2019,138.550003,139.490005,138,138.789993,136.869385,14970300
8/22/2019,138.660004,139.199997,136.289993,137.779999,135.873367,18697000
8/23/2019,137.190002,138.350006,132.800003,133.389999,131.544113,38508600
8/26/2019,134.990005,135.559998,133.899994,135.449997,133.575623,20312600
8/27/2019,136.389999,136.720001,134.660004,135.740005,133.861588,23102100
8/28/2019,134.880005,135.759995,133.550003,135.559998,133.684082,17393300
8/29/2019,137.25,138.440002,136.910004,138.119995,136.208664,20168700
8/30/2019,139.149994,139.179993,136.270004,137.860001,135.952271,23940100
9/3/2019,136.610001,137.199997,135.699997,136.039993,134.157455,18869300
9/4/2019,137.300003,137.690002,136.479996,137.630005,135.725449,17995900
9/5/2019,139.110001,140.380005,138.759995,140.050003,138.111969,26101800
9/6/2019,140.029999,140.179993,138.199997,139.100006,137.17511,20824500
9/9/2019,139.589996,139.75,136.460007,137.520004,135.616974,25773900
9/10/2019,136.800003,136.889999,134.509995,136.080002,134.196899,28903400
9/11/2019,135.910004,136.270004,135.089996,136.119995,134.236328,24726100
9/12/2019,137.850006,138.419998,136.869995,137.520004,135.616974,27010000
9/13/2019,137.779999,138.059998,136.570007,137.320007,135.419739,23363100
9/16/2019,135.830002,136.699997,135.660004,136.330002,134.443436,16731400
9/17/2019,136.960007,137.520004,136.429993,137.389999,135.48877,17814200
9/18/2019,137.360001,138.669998,136.529999,138.520004,136.603134,23982100
9/19/2019,140.300003,142.369995,140.070007,141.070007,139.117844,35772100
9/20/2019,141.009995,141.649994,138.25,139.440002,137.510391,39167300
9/23/2019,139.229996,139.630005,138.440002,139.139999,137.214554,17139300
9/24/2019,140.360001,140.690002,136.880005,137.380005,135.478912,29773200
9/25/2019,137.5,139.960007,136.029999,139.360001,137.431503,21382000
9/26/2019,139.440002,140.179993,138.440002,139.539993,137.609009,17456600
9/27/2019,140.149994,140.360001,136.649994,137.729996,135.824051,22477700
9/30/2019,138.050003,139.220001,137.779999,139.029999,137.106079,17280900
10/1/2019,139.660004,140.25,137,137.070007,135.173218,21466600
10/2/2019,136.25,136.369995,133.580002,134.649994,132.786682,30521700
10/3/2019,134.949997,136.75,133.220001,136.279999,134.394135,24132900
10/4/2019,136.75,138.25,136.419998,138.119995,136.208664,22897700
10/7/2019,137.139999,138.179993,137.020004,137.119995,135.222504,15303700
10/8/2019,137.080002,137.759995,135.619995,135.669998,133.792572,25550500
10/9/2019,137.460007,138.699997,136.970001,138.240005,136.327011,19749900
10/10/2019,138.490005,139.669998,138.25,139.100006,137.17511,17654600
10/11/2019,140.119995,141.029999,139.5,139.679993,137.74707,25446000
10/14/2019,139.690002,140.289993,139.520004,139.550003,137.618881,13304300
10/15/2019,140.059998,141.789993,139.809998,141.570007,139.610931,19695700
10/16/2019,140.789993,140.990005,139.529999,140.410004,138.466995,20751600
10/17/2019,140.949997,141.419998,139.020004,139.690002,137.756927,21460600
10/18/2019,139.759995,140,136.559998,137.410004,135.508499,32273500
10/21/2019,138.449997,138.5,137.009995,138.429993,136.514359,20078200
10/22/2019,138.970001,140.009995,136.259995,136.369995,134.482895,27431000
10/23/2019,136.880005,137.449997,135.610001,137.240005,135.340866,29844600
10/24/2019,139.389999,140.419998,138.669998,139.940002,138.003479,37029300
10/25/2019,139.339996,141.139999,139.199997,140.729996,138.782547,25959700
10/28/2019,144.399994,145.669998,143.509995,144.190002,142.194687,35280100
10/29/2019,144.080002,144.5,142.649994,142.830002,140.8535,20589500
10/30/2019,143.520004,145,142.789993,144.610001,142.608871,18496600
10/31/2019,144.899994,144.929993,142.990005,143.369995,141.385986,24605100
11/1/2019,144.259995,144.419998,142.970001,143.720001,141.731186,33128400
11/4/2019,144.830002,145,144.160004,144.550003,142.549698,16912000
11/5/2019,144.970001,145.020004,143.910004,144.460007,142.460953,18250200
11/6/2019,144.369995,144.520004,143.199997,144.059998,142.066467,16575800
11/7/2019,143.839996,144.880005,143.770004,144.259995,142.263687,17786700
11/8/2019,143.979996,145.990005,143.759995,145.960007,143.940186,16732700
11/11/2019,145.339996,146.419998,144.729996,146.110001,144.088089,14362600
11/12/2019,146.279999,147.570007,146.059998,147.070007,145.034821,18641600
11/13/2019,146.740005,147.460007,146.279999,147.309998,145.2715,16919200
11/14/2019,147.020004,148.410004,147,148.059998,146.011108,19729800
11/15/2019,148.929993,149.990005,148.270004,149.970001,147.894684,23485700
11/18/2019,150.070007,150.550003,148.979996,150.339996,148.259583,21534000
11/19/2019,150.880005,151.330002,150.199997,150.389999,148.308868,23935700
11/20/2019,150.309998,150.839996,148.460007,149.619995,148.05159,25696800
11/21/2019,149.399994,149.800003,148.5,149.479996,147.91304,18576100
11/22/2019,150.070007,150.300003,148.820007,149.589996,148.021912,15901800
11/25/2019,150,151.350006,149.919998,151.229996,149.644714,22420900
11/26/2019,151.360001,152.419998,151.320007,152.029999,150.43634,24620100
11/27/2019,152.330002,152.5,151.520004,152.320007,150.723297,15184400
11/29/2019,152.100006,152.300003,151.279999,151.380005,149.793152,11977300
12/2/2019,151.809998,151.830002,148.320007,149.550003,147.98233,27418400
12/3/2019,147.490005,149.429993,146.649994,149.309998,147.744843,24066000
12/4/2019,150.139999,150.179993,149.199997,149.850006,148.279175,17574700
12/5/2019,150.050003,150.320007,149.479996,149.929993,148.358353,17869100
12/6/2019,150.990005,151.869995,150.270004,151.75,150.159271,16403500
12/9/2019,151.070007,152.210007,150.910004,151.360001,149.773361,16687400
12/10/2019,151.289993,151.889999,150.759995,151.130005,149.545792,16476100
12/11/2019,151.539993,151.869995,150.330002,151.699997,150.109772,18856600
12/12/2019,151.649994,153.440002,151.020004,153.240005,151.633667,24612100
12/13/2019,153,154.889999,152.830002,154.529999,152.910126,23845400
12/16/2019,155.110001,155.899994,154.820007,155.529999,153.899643,24144200
12/17/2019,155.449997,155.710007,154.449997,154.690002,153.068451,25425600
12/18/2019,154.300003,155.479996,154.179993,154.369995,152.751816,24129200
12/19/2019,154,155.770004,153.75,155.710007,154.077759,24958900
12/20/2019,157.350006,158.490005,156.289993,157.410004,155.759949,53477500
12/23/2019,158.119995,158.119995,157.270004,157.410004,155.759949,17718200
12/24/2019,157.479996,157.710007,157.119995,157.380005,155.730255,8989200
12/26/2019,157.559998,158.729996,157.399994,158.669998,157.006729,14520600
12/27/2019,159.449997,159.550003,158.220001,158.960007,157.293686,18412800
12/30/2019,158.990005,159.020004,156.729996,157.589996,155.938049,16348400
12/31/2019,156.770004,157.770004,156.449997,157.699997,156.04689,18369400
1/2/2020,158.779999,160.729996,158.330002,160.619995,158.936279,22622100
1/3/2020,158.320007,159.949997,158.059998,158.619995,156.95726,21116200
1/6/2020,157.080002,159.100006,156.509995,159.029999,157.362961,20813700
1/7/2020,159.320007,159.669998,157.320007,157.580002,155.928177,21634100
1/8/2020,158.929993,160.800003,157.949997,160.089996,158.411835,27746500
1/9/2020,161.839996,162.220001,161.029999,162.089996,160.390869,21385000
1/10/2020,162.820007,163.220001,161.179993,161.339996,159.648727,20725900
1/13/2020,161.759995,163.309998,161.259995,163.279999,161.568405,21626500
1/14/2020,163.389999,163.600006,161.720001,162.130005,160.43045,23477400
1/15/2020,162.619995,163.940002,162.570007,163.179993,161.469452,21417900
1/16/2020,164.350006,166.240005,164.029999,166.169998,164.428116,23865400
1/17/2020,167.419998,167.470001,165.429993,167.100006,165.348358,34371700
1/21/2020,166.679993,168.190002,166.429993,166.5,164.754654,29517200
1/22/2020,167.399994,167.490005,165.679993,165.699997,163.963043,24138800
1/23/2020,166.190002,166.800003,165.270004,166.720001,164.972351,19680800
1/24/2020,167.509995,167.529999,164.449997,165.039993,163.309952,24918100
1/27/2020,161.149994,163.380005,160.199997,162.279999,160.578888,32078100
1/28/2020,163.779999,165.759995,163.070007,165.460007,163.725555,24899900
1/29/2020,167.839996,168.75,165.690002,168.039993,166.278503,34754500
1/30/2020,174.050003,174.050003,170.789993,172.779999,170.968826,51597500
1/31/2020,172.210007,172.399994,169.580002,170.229996,168.445557,36142700
2/3/2020,170.429993,174.5,170.399994,174.380005,172.552048,30149100
2/4/2020,177.139999,180.639999,176.309998,180.119995,178.231873,36433300
2/5/2020,184.029999,184.199997,178.410004,179.899994,178.014191,39186300
2/6/2020,180.970001,183.820007,180.059998,183.630005,181.705093,27751400
2/7/2020,182.850006,185.630005,182.479996,183.889999,181.962357,33529100
2/10/2020,183.580002,188.839996,183.25,188.699997,186.721939,35844300
2/11/2020,190.649994,190.699997,183.5,184.440002,182.506607,53159900
2/12/2020,185.580002,185.850006,181.850006,184.710007,182.773773,47062900
2/13/2020,183.080002,186.229996,182.869995,183.710007,181.784271,35295800
2/14/2020,183.25,185.410004,182.649994,185.350006,183.407059,23149500
2/18/2020,185.610001,187.699997,185.5,187.229996,185.267365,27792200
2/19/2020,188.059998,188.179993,186.470001,187.279999,185.822998,29997500
2/20/2020,186.949997,187.25,181.100006,184.419998,182.985229,36862400
2/21/2020,183.169998,183.5,177.25,178.589996,177.200607,48572600
2/24/2020,167.770004,174.550003,163.229996,170.889999,169.560516,68311100
2/25/2020,174.199997,174.839996,167.649994,168.070007,166.762451,68073300
2/26/2020,169.710007,173.259995,168.210007,170.169998,168.8461,56206100
2/27/2020,163.320007,167.029999,157.979996,158.179993,156.949387,93174900
2/28/2020,152.410004,163.710007,152,162.009995,160.749588,97073600
3/2/2020,165.309998,172.919998,162.309998,172.789993,171.445724,71030800
3/3/2020,173.800003,175,162.259995,164.509995,163.230148,71677000
3/4/2020,168.490005,170.699997,165.619995,170.550003,169.223145,49814400
3/5/2020,166.050003,170.869995,165.690002,166.270004,164.97644,47817300
3/6/2020,162.610001,163.110001,156,161.570007,160.313034,72821100
3/9/2020,151,157.75,150,150.619995,149.448196,70419300
3/10/2020,158.160004,161.029999,152.580002,160.919998,159.668076,65354400
3/11/2020,157.130005,157.699997,151.149994,153.630005,152.434784,56371600
3/12/2020,145.300003,153.470001,138.580002,139.059998,137.978134,93226400
3/13/2020,147.5,161.910004,140.729996,158.830002,157.594345,92727400
3/16/2020,140,149.350006,135,135.419998,134.36647,87905900
3/17/2020,140,147.5,135,146.570007,145.429733,81059800
3/18/2020,138,146,135.020004,140.399994,139.307724,81593200
3/19/2020,142.770004,150.149994,139,142.710007,141.599747,85922700
3/20/2020,146,147.100006,135.860001,137.350006,136.281433,84866200
3/23/2020,137.009995,140.570007,132.520004,135.979996,134.922089,78975200
3/24/2020,143.75,149.600006,141.270004,148.339996,147.185944,82516700
3/25/2020,148.910004,154.330002,144.440002,146.919998,145.776993,75638200
3/26/2020,148.399994,156.660004,148.369995,156.110001,154.895493,64568100
3/27/2020,151.75,154.889999,149.199997,149.699997,148.535355,57042300
3/30/2020,152.440002,160.600006,150.009995,160.229996,158.983444,63420300
3/31/2020,159.399994,164.779999,156.559998,157.710007,156.483047,77927200
4/1/2020,153,157.75,150.820007,152.110001,150.92662,57969900
4/2/2020,151.860001,155.479996,150.360001,155.259995,154.052109,49630700
4/3/2020,155.100006,157.380005,152.190002,153.830002,152.63324,41243300
4/6/2020,160.320007,166.5,157.580002,165.270004,163.984238,67111700
4/7/2020,169.589996,170,163.259995,163.490005,162.218079,62769000
4/8/2020,165.669998,166.669998,163.5,165.130005,163.845306,48318200
4/9/2020,166.360001,167.369995,163.330002,165.139999,163.85524,51431800
4/13/2020,164.350006,165.570007,162.300003,165.509995,164.222351,41905300
4/14/2020,169,173.75,168,173.699997,172.348633,52874300
4/15/2020,171.199997,173.570007,169.240005,171.880005,170.542801,40940800
4/16/2020,174.300003,177.279999,172.899994,177.039993,175.662643,50479600
4/17/2020,179.5,180,175.869995,178.600006,177.210526,52765600
4/20/2020,176.630005,178.75,174.990005,175.059998,173.698074,36669600
4/21/2020,173.5,173.669998,166.110001,167.820007,166.514404,56203700
4/22/2020,171.389999,174,170.820007,173.520004,172.170059,34651600
4/23/2020,174.110001,175.059998,170.910004,171.419998,170.08638,32790800
4/24/2020,172.059998,174.559998,170.710007,174.550003,173.192032,34305300
4/27/2020,176.589996,176.899994,173.300003,174.050003,172.695923,33194400
4/28/2020,175.589996,175.669998,169.389999,169.809998,168.488922,34392700
4/29/2020,173.220001,177.679993,171.880005,177.429993,176.049622,51286600
4/30/2020,180,180.399994,176.229996,179.210007,177.815781,53875900
5/1/2020,175.800003,178.639999,174.009995,174.570007,173.211899,39370500
5/4/2020,174.490005,179,173.800003,178.839996,177.448639,30372900
5/5/2020,180.619995,183.649994,179.899994,180.759995,179.353729,36839200
5/6/2020,182.080002,184.199997,181.630005,182.539993,181.119873,32139300
5/7/2020,184.169998,184.550003,182.580002,183.600006,182.171631,28316000
5/8/2020,184.979996,185,183.360001,184.679993,183.24321,30912600
5/11/2020,183.149994,187.509995,182.850006,186.740005,185.287201,30892700
5/12/2020,186.800003,187.039993,182.300003,182.509995,181.090103,32038200
5/13/2020,182.550003,184.050003,176.539993,179.75,178.351578,44711500
5/14/2020,177.539993,180.690002,175.679993,180.529999,179.125519,41873900
5/15/2020,179.059998,187.059998,177,183.160004,181.735046,46610400
5/18/2020,185.75,186.199997,183.960007,184.910004,183.471436,35306600
5/19/2020,185.029999,186.600006,183.490005,183.630005,182.201401,26799100
5/20/2020,184.809998,185.850006,183.940002,185.660004,184.728653,31261300
5/21/2020,185.399994,186.669998,183.289993,183.429993,182.509842,29119500
5/22/2020,183.190002,184.460007,182.539993,183.509995,182.589432,20826900
5/26/2020,186.339996,186.5,181.100006,181.570007,180.65918,36073600
5/27/2020,180.199997,181.990005,176.600006,181.809998,180.897964,39517100
5/28/2020,180.740005,184.149994,180.380005,181.399994,180.490021,33810200
5/29/2020,182.729996,184.270004,180.410004,183.25,182.33075,42130400
6/1/2020,182.539993,183,181.460007,182.830002,181.912857,22622400
6/2/2020,184.25,185,181.350006,184.910004,183.982422,30794600
6/3/2020,184.820007,185.940002,183.580002,185.360001,184.430161,27311000
6/4/2020,184.300003,185.839996,182.300003,182.919998,182.002396,28761800
6/5/2020,182.619995,187.729996,182.009995,187.199997,186.260925,39893600
6/8/2020,185.940002,188.550003,184.440002,188.360001,187.4151,33211600
6/9/2020,188,190.699997,187.259995,189.800003,188.8479,29783900
6/10/2020,191.130005,198.520004,191.009995,196.839996,195.85257,43872300
6/11/2020,193.130005,195.759995,186.070007,186.270004,185.335602,52854700
6/12/2020,190.539993,191.720001,185.179993,187.740005,186.798218,43345700
6/15/2020,184.580002,190.820007,184.009995,188.940002,187.992203,32770200
6/16/2020,192.889999,195.580002,191.460007,193.570007,192.598984,42556700
6/17/2020,195.029999,196.320007,193.690002,194.240005,193.265625,25655900
6/18/2020,194,196.490005,194,196.320007,195.33519,23061600
6/19/2020,198.589996,199.289993,194.369995,195.149994,194.171036,44441100
6/22/2020,195.789993,200.759995,195.229996,200.570007,199.563873,32818900
6/23/2020,202.089996,203.949997,201.429993,201.910004,200.897141,30917400
6/24/2020,201.600006,203.25,196.559998,197.839996,196.847549,36740600
6/25/2020,197.800003,200.610001,195.470001,200.339996,199.335007,27803900
6/26/2020,199.729996,199.889999,194.880005,196.330002,195.345123,54675800
6/29/2020,195.779999,198.529999,193.550003,198.440002,197.44455,26701600
6/30/2020,197.880005,204.399994,197.740005,203.509995,202.489105,34310300
7/1/2020,203.139999,206.350006,201.770004,204.699997,203.673141,32061200
7/2/2020,205.679993,208.020004,205,206.259995,205.225311,29315800
7/6/2020,208.830002,211.130005,208.089996,210.699997,209.643036,31897600
7/7/2020,210.449997,214.669998,207.990005,208.25,207.205322,33600700
7/8/2020,210.070007,213.259995,208.690002,212.830002,211.76236,33600000
7/9/2020,216.330002,216.380005,211.470001,214.320007,213.244904,33121700
7/10/2020,213.619995,214.080002,211.080002,213.669998,212.598145,26177600
7/13/2020,214.479996,215.800003,206.5,207.070007,206.03125,38135600
7/14/2020,206.130005,208.850006,202.029999,208.350006,207.30484,37591800
7/15/2020,209.559998,211.330002,205.029999,208.039993,206.996368,32179400
7/16/2020,205.399994,205.699997,202.309998,203.919998,202.897049,29940700
7/17/2020,204.470001,205.039993,201.389999,202.880005,201.862274,31635300
7/20/2020,205,212.300003,203.009995,211.600006,210.538528,36884800
7/21/2020,213.660004,213.940002,208.029999,208.75,207.70282,38105800
7/22/2020,209.199997,212.300003,208.389999,211.75,210.687775,49605700
7/23/2020,207.190002,210.919998,202.149994,202.539993,201.523972,67457000
7/24/2020,200.419998,202.860001,197.509995,201.300003,200.290207,39827000
7/27/2020,201.470001,203.970001,200.860001,203.850006,202.827408,30160900
7/28/2020,203.610001,204.699997,201.740005,202.020004,201.006592,23251400
7/29/2020,202.5,204.649994,202.009995,204.059998,203.036346,19632600
7/30/2020,201,204.460007,199.570007,203.899994,202.877151,25079600
7/31/2020,204.399994,205.100006,199.009995,205.009995,203.981583,51248000
8/3/2020,211.520004,217.639999,210.440002,216.539993,215.453751,78983000
8/4/2020,214.169998,214.770004,210.309998,213.289993,212.220047,49280100
8/5/2020,214.899994,215,211.570007,212.940002,211.871811,28858600
8/6/2020,212.339996,216.369995,211.550003,216.350006,215.264709,32656800
8/7/2020,214.850006,215.699997,210.929993,212.479996,211.414124,27789600
8/10/2020,211.669998,211.880005,206.350006,208.25,207.205322,36716500
8/11/2020,207.160004,207.649994,203.139999,203.380005,202.359772,36446500
8/12/2020,205.289993,210.279999,204.75,209.190002,208.140625,28041400
8/13/2020,209.440002,211.350006,208.149994,208.699997,207.653061,22588900
8/14/2020,208.759995,209.589996,207.509995,208.899994,207.852066,17958900
8/17/2020,209.600006,211.190002,208.919998,210.279999,209.225143,20184800
8/18/2020,210.529999,212.360001,209.210007,211.490005,210.429092,21336200
8/19/2020,211.490005,212.100006,209.25,209.699997,209.15242,27627600
8/20/2020,209.539993,215,208.910004,214.580002,214.019684,26981500
8/21/2020,213.860001,216.25,212.850006,213.020004,212.46376,36249300
8/24/2020,214.789993,215.520004,212.429993,213.690002,213.132004,25460100
8/25/2020,213.100006,216.610001,213.100006,216.470001,215.904755,23043700
8/26/2020,217.880005,222.089996,217.360001,221.149994,220.572525,39600800
8/27/2020,222.889999,231.149994,219.399994,226.580002,225.988358,57602200
8/28/2020,228.179993,230.639999,226.580002,228.910004,228.312271,26292900
8/31/2020,227,228.699997,224.309998,225.529999,224.941086,28774200
9/1/2020,225.509995,227.449997,224.429993,227.270004,226.676559,25791200
9/2/2020,227.970001,232.860001,227.350006,231.649994,231.045105,34080800
9/3/2020,229.270004,229.309998,214.960007,217.300003,216.73259,58400300
9/4/2020,215.100006,218.360001,205.190002,214.25,213.690552,59664100
9/8/2020,206.5,210.029999,202.199997,202.660004,202.130814,52924300
9/9/2020,207.600006,214.839996,206.699997,211.289993,210.738266,45679000
9/10/2020,213.399994,214.740005,204.110001,205.369995,204.833725,35461500
9/11/2020,207.199997,208.630005,201.240005,204.029999,203.497238,33620100
9/14/2020,204.240005,209.199997,204.029999,205.410004,204.873627,30375800
9/15/2020,208.419998,209.779999,206.929993,208.779999,208.234833,21823900
9/16/2020,210.619995,210.649994,204.639999,205.050003,204.514572,26328100
9/17/2020,200.050003,204.330002,199.960007,202.910004,202.380157,34011300
9/18/2020,202.800003,203.649994,196.25,200.389999,199.86673,55225300
9/21/2020,197.190002,202.710007,196.380005,202.539993,202.011124,39839700
9/22/2020,205.059998,208.100006,202.080002,207.419998,206.878372,33517100
9/23/2020,207.899994,208.100006,200.029999,200.589996,200.066208,30803800
9/24/2020,199.850006,205.570007,199.199997,203.190002,202.659424,31202500
9/25/2020,203.550003,209.039993,202.539993,207.820007,207.277344,29437300
9/28/2020,210.880005,212.570007,208.059998,209.440002,208.893112,32004900
9/29/2020,209.350006,210.070007,206.809998,207.259995,206.718796,24221900
9/30/2020,207.729996,211.979996,206.539993,210.330002,209.780777,33780700
10/1/2020,213.490005,213.990005,211.320007,212.460007,211.905228,27158400
10/2/2020,208,210.990005,205.539993,206.190002,205.651596,33154800
10/5/2020,207.220001,210.410004,206.979996,210.380005,209.830658,21331600
10/6/2020,208.820007,210.179993,204.820007,205.910004,205.37233,28554300
10/7/2020,207.059998,210.110001,206.720001,209.830002,209.282089,25681100
10/8/2020,210.509995,211.190002,208.320007,210.580002,210.030136,19925800
10/9/2020,211.229996,215.860001,211.229996,215.809998,215.246475,26458000
10/12/2020,218.789993,223.860001,216.809998,221.399994,220.821869,40461400
10/13/2020,222.720001,225.210007,220.429993,222.860001,222.278061,28950800
10/14/2020,223,224.220001,219.130005,220.860001,220.283279,23451700
10/15/2020,217.100006,220.360001,216.009995,219.660004,219.086426,22733100
10/16/2020,220.149994,222.289993,219.320007,219.660004,219.086426,26057900
10/19/2020,220.419998,222.300003,213.720001,214.220001,213.660629,27625800
10/20/2020,215.800003,217.369995,213.089996,214.649994,214.089493,22753500
10/21/2020,213.119995,216.919998,213.119995,214.800003,214.23912,22724900
10/22/2020,213.929993,216.059998,211.699997,214.889999,214.328873,22351500
10/23/2020,215.029999,216.279999,213.160004,216.229996,215.665375,18879600
10/26/2020,213.850006,216.339996,208.100006,210.080002,209.531433,37111600
10/27/2020,211.589996,214.669998,210.330002,213.25,212.693161,36700300
10/28/2020,207.669998,208.839996,202.100006,202.679993,202.150757,51195600
10/29/2020,204.070007,207.360001,203.369995,204.720001,204.185425,31432600
10/30/2020,203.5,204.289993,199.619995,202.470001,201.941315,36953700
11/2/2020,204.289993,205.279999,200.119995,202.330002,201.801666,30842200
11/3/2020,203.889999,208.119995,203.119995,206.429993,205.890961,27512000
11/4/2020,214.020004,218.320007,212.419998,216.389999,215.824951,42311800
11/5/2020,222.039993,224.119995,221.149994,223.289993,222.70694,36080100
11/6/2020,222.259995,224.360001,218.029999,223.720001,223.135818,25231900
11/9/2020,224.440002,228.119995,217.880005,218.389999,217.819733,44395000
11/10/2020,214.5,216.5,209.720001,211.009995,210.459,44045100
11/11/2020,212.389999,218.039993,212.199997,216.550003,215.984543,29440800
11/12/2020,217.210007,219.110001,214.460007,215.440002,214.877441,21593900
11/13/2020,216.360001,217.419998,214.160004,216.509995,215.944641,18621100
11/16/2020,214.869995,217.740005,214.520004,217.229996,216.662766,24953300
11/17/2020,216.100006,217.679993,214.080002,214.460007,213.900009,24154100
11/18/2020,213.649994,215.169998,210.929993,211.080002,211.080002,28372800
11/19/2020,211.380005,213.029999,209.929993,212.419998,212.419998,24792700
11/20/2020,212.199997,213.289993,210,210.389999,210.389999,22829100
11/23/2020,210.949997,212.289993,208.160004,210.110001,210.110001,25683500
11/24/2020,209.589996,214.25,208.860001,213.860001,213.860001,33979700
11/25/2020,215.110001,215.289993,212.460007,213.869995,213.869995,21012900
11/27/2020,214.850006,216.270004,214.039993,215.229996,215.229996,14512200
